PROV183;Bonn;;;;;;;;;;;;;;;;;;x;;;;
PROV544;Schwerin;;;;;;;;;;;;;;;;;;x;;;
PROV190;Zsolna;;;;;;;;;;;;;;;;;;x;;;;
PROV164;Rawa;;;;;;;;;;;;;;;;;;x;;;;
PROV159;Sierac;;;;;;;;;;;;;;;;;;x;;;;
PROV152;Mocys'ka;;;;;;;;;;;;;;;;;;x;;;;
PROV153;Osle;;;;;;;;;;;;;;;;;;x;;;;
PROV802;Prishtina;;;;;;;;;;;;;;;;;;x;;;
PROV873;Iconium;;;;;;;;;;;;;;;;;;x;;;
PROV137;Scutari;;;;;;;;;;;;;;;;;;x;;;;
PROV105;Apri;;;;;;;;;;;;;;;;;;x;;;;
PROV608;Jura;;;;;;;;;;;;;;;;;;x;;;;
PROV84;Kirshehir;;;;;;;;;;;;;;;;;;x;;;;
PROV85;Beyshehir;;;;;;;;;;;;;;;;;;x;;;;
PROV87;Saporda;;;;;;;;;;;;;;;;;;x;;;;
PROV85;Tarnovo;;;;;;;;;;;;;;;;;;x;;;;
PROV88;Icel;;;;;;;;;;;;;;;;;;x;;;;
PROV81;Akkale;;;;;;;;;;;;;;;;;;x;;;;
PROV90;Tokat;;;;;;;;;;;;;;;;;;x;;;;
PROV80;Rizini;;;;;;;;;;;;;;;;;;x;;;;
PROV82;Gümüshhane;;;;;;;;;;;;;;;;;;x;;;;
PROV83;Bayburt;;;;;;;;;;;;;;;;;;x;;;;
PROV79;Eghil;;;;;;;;;;;;;;;;;;x;;;;
PROV78;Bingöl;;;;;;;;;;;;;;;;;;x;;;;
PROV17;Malazgirt;;;;;;;;;;;;;;;;;;x;;;;
PROV20;Ighdir;;;;;;;;;;;;;;;;;;x;;;;
PROV6;Sinjar;;;;;;;;;;;;;;;;;;x;;;;
PROV9;Shirvan;;;;;;;;;;;;;;;;;;x;;;;
PROV8;Reqeh;;;;;;;;;;;;;;;;;;x;;;;
PROV7;Rutbah;;;;;;;;;;;;;;;;;;x;;;;
PROV931;Dayr al-Zur;;;;;;;;;;;;;;;;;;x;;;;
PROV10;Mardin;;;;;;;;;;;;;;;;;;x;;;;
PROV18;Jezira;;;;;;;;;;;;;;;;;;x;;;;
PROV900;Alexandretta;;;;;;;;;;;;;;;;;;x;;;;
PROV29;Antioch;;;;;;;;;;;;;;;;;;x;;;;
PROV16;Solimaniyeh;;;;;;;;;;;;;;;;;;x;;;;
PROV19;Behbehan;;;;;;;;;;;;;;;;;;x;;;;
PROV2597;al-Kut;;;;;;;;;;;;;;;;;;x;;;;
PROV2629;Chavar;;;;;;;;;;;;;;;;;;x;;;;
PROV21;Miyaneh;;;;;;;;;;;;;;;;;;x;;;;
PROV22;Soltaniyeh;;;;;;;;;;;;;;;;;;x;;;;
PROV23;Marand;;;;;;;;;;;;;;;;;;x;;;;
PROV24;Piranshahr;;;;;;;;;;;;;;;;;;x;;;;
PROV25;Maku;;;;;;;;;;;;;;;;;;x;;;;
PROV2597;al-Kut;;;;;;;;;;;;;;;;;;x;;;;
PROV2629;Chavar;;;;;;;;;;;;;;;;;;x;;;;
PROV30;Khalilabad;;;;;;;;;;;;;;;;;;x;;;;
PROV31;Qazakh;;;;;;;;;;;;;;;;;;x;;;;
PROV32;Istisu;;;;;;;;;;;;;;;;;;x;;;;
PROV33;Jableh;;;;;;;;;;;;;;;;;;x;;;;
PROV26;al-Ladiqiyya;;;;;;;;;;;;;;;;;;x;;;;
PROV904;Hama;;;;;;;;;;;;;;;;;;x;;;;
PROV905;Margat;;;;;;;;;;;;;;;;;;x;;;;
PROV27;Tiberias;;;;;;;;;;;;;;;;;;x;;;;
PROV34;Naftmardab;;;;;;;;;;;;;;;;;;x;;;;
PROV35;Parsabad;;;;;;;;;;;;;;;;;;x;;;;
PROV36;Tarki;;;;;;;;;;;;;;;;;;x;;;;
PROV37;Gümse;;;;;;;;;;;;;;;;;;x;;;;
PROV38;Svaneti;;;;;;;;;;;;;;;;;;x;;;;
PROV11;Ilisu;;;;;;;;;;;;;;;;;;x;;;;
PROV12;Kumukh;;;;;;;;;;;;;;;;;;x;;;;
PROV2596;Tshakur;;;;;;;;;;;;;;;;;;x;;;;
PROV13;Bashilbay;;;;;;;;;;;;;;;;;;x;;;;
PROV15;Besleney;;;;;;;;;;;;;;;;;;x;;;;
PROV28;Elbrus;;;;;;;;;;;;;;;;;;x;;;;
PROV48;Kakheti;;;;;;;;;;;;;;;;;;x;;;;
PROV39;Altykezek;;;;;;;;;;;;;;;;;;x;;;;
PROV40;Abadzekh;;;;;;;;;;;;;;;;;;x;;;;
PROV41;Kuma;;;;;;;;;;;;;;;;;;x;;;;
PROV42;Enderi;;;;;;;;;;;;;;;;;;x;;;;
PROV43;Taman;;;;;;;;;;;;;;;;;;x;;;;
PROV50;Kemguy;;;;;;;;;;;;;;;;;;x;;;;
PROV2595;Balzimachi;;;;;;;;;;;;;;;;;;x;;;;
PROV2628;Majar;;;;;;;;;;;;;;;;;;x;;;;
PROV47;Korchev;;;;;;;;;;;;;;;;;;x;;;;
PROV2594;Aqsheyh;;;;;;;;;;;;;;;;;;x;;;;
PROV49;Orqapi;;;;;;;;;;;;;;;;;;x;;;;
PROV2349;Nemet;;;;;;;;;;;;;;;;;;x;;;;
PROV2393;Mohyliv;;;;;;;;;;;;;;;;;;x;;;;
PROV2395;Balta;;;;;;;;;;;;;;;;;;x;;;;
PROV2384;Braclav;;;;;;;;;;;;;;;;;;x;;;;
PROV2354;Dubno;;;;;;;;;;;;;;;;;;x;;;;
PROV2355;Starokostjantyniv;;;;;;;;;;;;;;;;;;x;;;;
PROV2363;Hlusk;;;;;;;;;;;;;;;;;;x;;;;
PROV2382;Rechyca;;;;;;;;;;;;;;;;;;x;;;;
PROV2370;Porchow;;;;;;;;;;;;;;;;;;x;;;;
PROV2372;Staraya Russa;;;;;;;;;;;;;;;;;;x;;;;
PROV2369;Kholm;;;;;;;;;;;;;;;;;;x;;;
PROV2339;Toropets;;;;;;;;;;;;;;;;;;x;;;
PROV2360;Starodub;;;;;;;;;;;;;;;;;;x;;;
PROV2374;Krolevec;;;;;;;;;;;;;;;;;;x;;;
PROV2389;Nižyn;;;;;;;;;;;;;;;;;;x;;;
PROV2386;Konotop;;;;;;;;;;;;;;;;;;x;;;;
PROV2387;Perejaslav;;;;;;;;;;;;;;;;;;x;;;;
PROV2388;Lubny;;;;;;;;;;;;;;;;;;x;;;;
PROV2399;Myrhorod;;;;;;;;;;;;;;;;;;x;;;;
PROV2394;Kremenchuk;;;;;;;;;;;;;;;;;;x;;;;
PROV2381;Orilka;;;;;;;;;;;;;;;;;;x;;;;
PROV2380;Kharkiv;;;;;;;;;;;;;;;;;;x;;;;
PROV2361;Izyum;;;;;;;;;;;;;;;;;;x;;;;
PROV2398;Samar;;;;;;;;;;;;;;;;;;x;;;;
PROV2379;Sumy;;;;;;;;;;;;;;;;;;x;;;;
PROV2392;Yedishkul;;;;;;;;;;;;;;;;;;x;;;;
PROV2396;Balisaray;;;;;;;;;;;;;;;;;;x;;;;
PROV2397;Shahinbey;;;;;;;;;;;;;;;;;;x;;;; 
PROV2391;Novy Vukovar;;;;;;;;;;;;;;;;;;x;;;;
PROV2383;Radomyšl;;;;;;;;;;;;;;;;;;x;;;;
PROV2390;Berdychiv;;;;;;;;;;;;;;;;;;x;;;;
PROV2378;Kupjansk;;;;;;;;;;;;;;;;;;x;;;;
PROV2362;Oskol;;;;;;;;;;;;;;;;;;x;;;;
PROV2373;Ostrogožsk;;;;;;;;;;;;;;;;;;x;;;;
PROV2357;Livny;;;;;;;;;;;;;;;;;;x;;;; 
PROV2359;Yefremov;;;;;;;;;;;;;;;;;;x;;;;
PROV2375;Voronež;;;;;;;;;;;;;;;;;;x;;;;
PROV2377;Michurinsk;;;;;;;;;;;;;;;;;;x;;;;
PROV2368;Skopin;;;;;;;;;;;;;;;;;;x;;;;
PROV2365;Kassimov;;;;;;;;;;;;;;;;;;x;;;;
PROV2376;Uvarovo;;;;;;;;;;;;;;;;;;x;;;;
PROV2341;Arzamas;;;;;;;;;;;;;;;;;;x;;;; 
PROV2367;Sysran;;;;;;;;;;;;;;;;;;x;;;;
PROV2315;Shupashkar;;;;;;;;;;;;;;;;;;x;;;;
PROV2371;Yoshkar-Ola;;;;;;;;;;;;;;;;;;x;;;;
PROV2337;Osa;;;;;;;;;;;;;;;;;;x;;;;
PROV2364;Karaidel;;;;;;;;;;;;;;;;;;x;;;;
PROV2366;Cheremis;;;;;;;;;;;;;;;;;;x;;;;
PROV2356;Aqtöbe;;;;;;;;;;;;;;;;;;x;;;;
PROV2342;Qostanay;;;;;;;;;;;;;;;;;;x;;;; 
PROV2340;Irqyz;;;;;;;;;;;;;;;;;;x;;;;
PROV2358;Emba;;;;;;;;;;;;;;;;;;x;;;;
PROV3376;Mardin;;;;;;;;;;;;;;;;;;x;;;;
PROV3377;Bayburt;;;;;;;;;;;;;;;;;;x;;;;
PROV3378;Nikeja;;;;;;;;;;;;;;;;;;x;;;;
PROV3379;Marand;;;;;;;;;;;;;;;;;;x;;;;
PROV3380;Parsabad;;;;;;;;;;;;;;;;;;x;;;;
PROV3381;Miyaneh;;;;;;;;;;;;;;;;;;x;;;;
PROV3382;Soltaniyeh;;;;;;;;;;;;;;;;;;x;;;;
PROV3383;Astara;;;;;;;;;;;;;;;;;;x;;;;
PROV3384;Tabas;;;;;;;;;;;;;;;;;;x;;;;
PROV3385;Ghaen;;;;;;;;;;;;;;;;;;x;;;;
PROV3386;Dasht-e Kavir;;;;;;;;;;;;;;;;;;x;;;;
PROV3387;Najafabad;;;;;;;;;;;;;;;;;;x;;;;
PROV3388;Behbahan;;;;;;;;;;;;;;;;;;x;;;;
PROV473;Corsica;;;;;;;;;;;;;;;;;;x;;;;
PROV475;Uviéu;;;;;;;;;;;;;;;;;;x;;;;
PROV2220;Lucayas;;;;;;;;;;;;;;;;;;x;;;;
PROV204;Santa María de Pleiona;;;;;;;;;;;;;;;;;;x;;;;
PROV3256;Mühlhausen;;;;;;;;;;;;;;;;;;x;;;;
PROV3255;Naumburg;;;;;;;;;;;;;;;;;;x;;;;
PROV552;Chósebuz;;;;;;;;;;;;;;;;;;x;;;;
PROV551;Ruppin;;;;;;;;;;;;;;;;;;x;;;;
PROV550;Premyslaw;;;;;;;;;;;;;;;;;;x;;;;
PROV548;Rujána;;;;;;;;;;;;;;;;;;x;;;;
PROV547;Jomsbork;;;;;;;;;;;;;;;;;;x;;;;
PROV3275;Khojeili;;;;;;;;;;;;;;;;;;x;;;;
PROV3276;Zabol;;;;;;;;;;;;;;;;;;x;;;;
PROV3277;Zaranj;;;;;;;;;;;;;;;;;;x;;;;
PROV3278;Mocys'ka;;;;;;;;;;;;;;;;;;x;;;;
PROV3279;Trauenstein;;;;;;;;;;;;;;;;;;x;;;;
PROV3280;Seiyun;;;;;;;;;;;;;;;;;;x;;;;
PROV3283;Ust Yurt;;;;;;;;;;;;;;;;;;x;;;;
PROV1194;Qaratav;;;;;;;;;;;;;;;;;;x;;;;
PROV1200;Dehnow;;;;;;;;;;;;;;;;;;x;;;;
PROV1206;Qarshi;;;;;;;;;;;;;;;;;;x;;;;
PROV1214;Farah;;;;;;;;;;;;;;;;;;x;;;;
PROV3284;Qurbanqaleh;;;;;;;;;;;;;;;;;;x;;;;
PROV3285;Darband;;;;;;;;;;;;;;;;;;x;;;;
PROV3286;Marvarud;;;;;;;;;;;;;;;;;;x;;;;
PROV3287;Maymana;;;;;;;;;;;;;;;;;;x;;;;
PROV3288;Ghor;;;;;;;;;;;;;;;;;;x;;;;
PROV3289;Kas;;;;;;;;;;;;;;;;;;x;;;;
PROV1189;Pishpek;;;;;;;;;;;;;;;;;;x;;;;
PROV3290;Nurata;;;;;;;;;;;;;;;;;;x;;;;
PROV3291;Aalst;;;;;;;;;;;;;;;;;;x;;;;
PROV3292;Bitburg;;;;;;;;;;;;;;;;;;x;;;;
PROV3293;Diedenhofen-Stenay;;;;;;;;;;;;;;;;;;x;;;;
PROV3294;Muraszombat;;;;;;;;;;;;;;;;;;x;;;;
PROV3295;Szabadka;;;;;;;;;;;;;;;;;;x;;;;
PROV3296;Nagykikinda;;;;;;;;;;;;;;;;;;x;;;;
PROV3297;Spittal;;;;;;;;;;;;;;;;;;x;;;;
PROV3298;Steyr;;;;;;;;;;;;;;;;;;x;;;;
PROV3299;Trevnik;;;;;;;;;;;;;;;;;;x;;;;
PROV3300;Arad;;;;;;;;;;;;;;;;;;x;;;;
PROV3301;Jászberény;;;;;;;;;;;;;;;;;;x;;;;
PROV3302;Ibsználnémetóvár;;;;;;;;;;;;;;;;;;x;;;;
PROV3303;Jászvár;;;;;;;;;;;;;;;;;;x;;;;
PROV3304;Boljevac;;;;;;;;;;;;;;;;;;x;;;;
PROV3305;Kiruna;;;;;;;;;;;;;;;;;;x;;;;
PROV3306;Lycksele;;;;;;;;;;;;;;;;;;x;;;;
PROV3307;Jorvik;;;;;;;;;;;;;;;;;;x;;;;
PROV3308;Suðreyjar;;;;;;;;;;;;;;;;;;x;;;;
PROV698;Memelis;;;;;;;;;;;;;;;;;;x;;;;
PROV546;Bursztbork;;;;;;;;;;;;;;;;;;x;;;;
PROV3309;Shupashkar;;;;;;;;;;;;;;;;;;x;;;;
PROV3310;Arzamas;;;;;;;;;;;;;;;;;;x;;;;
PROV2468;Henriksby;;;;;;;;;;;;;;;;;;x;;;;
PROV3268;Kærwik;;;;;;;;;;;;;;;;;;x;;;;
PROV310;Fredriksund;;;;;;;;;;;;;;;;;;x;;;;
PROV316;Sarpsborg;;;;;;;;;;;;;;;;;;x;;;;
PROV274;Aberteifi;;;;;;;;;;;;;;;;;;x;;;; 
PROV258;Gaillimh;;;;;;;;;;;;;;;;;;x;;;;
PROV259;Sligeach;;;;;;;;;;;;;;;;;;x;;;;
PROV257;Dún na nGall;;;;;;;;;;;;;;;;;;x;;;;
PROV706;Warszawa;;;;;;;;;;;;;;;;;;x;;;;
PROV392;Namen;;;;;;;;;;;;;;;;;;x;;;;
PROV404;Kamerik;;;;;;;;;;;;;;;;;;x;;;;
PROV395;Leck;;;;;;;;;;;;;;;;;;x;;;;
PROV387;Brussel;;;;;;;;;;;;;;;;;;x;;;;
PROV413;Verdun;;;;;;;;;;;;;;;;;;x;;;;
PROV411;Nancy;;;;;;;;;;;;;;;;;;x;;;;
PROV414;Epinal;;;;;;;;;;;;;;;;;;x;;;;
PROV410;Kolmar;;;;;;;;;;;;;;;;;;x;;;;
PROV409;Straßburg;;;;;;;;;;;;;;;;;;x;;;;
PROV3311;Mazartagh;;;;;;;;;;;;;;;;;;x;;;;
PROV3313;Yarkent;;;;;;;;;;;;;;;;;;x;;;;
PROV3312;Qarasheher;;;;;;;;;;;;;;;;;;x;;;;
PROV3314;Hinukh;;;;;;;;;;;;;;;;;;x;;;;
PROV3315;Agwali;;;;;;;;;;;;;;;;;;x;;;;
PROV3316;Kumukh;;;;;;;;;;;;;;;;;;x;;;;
PROV3317;Tshakur;;;;;;;;;;;;;;;;;;x;;;;
PROV3318;Nasran;;;;;;;;;;;;;;;;;;x;;;;
PROV3319;Tarki;;;;;;;;;;;;;;;;;;x;;;;
PROV3320;Quba;;;;;;;;;;;;;;;;;;x;;;;
PROV3321;Kremenchuk;;;;;;;;;;;;;;;;;;x;;;;
PROV3322;Myrhorod;;;;;;;;;;;;;;;;;;x;;;;
PROV3323;Lubny;;;;;;;;;;;;;;;;;;x;;;;
PROV3324;Sumy;;;;;;;;;;;;;;;;;;x;;;;
PROV3325;Perejaslav;;;;;;;;;;;;;;;;;;x;;;;
PROV3326;Voronež;;;;;;;;;;;;;;;;;;x;;;;
PROV3327;Pavlovsk;;;;;;;;;;;;;;;;;;x;;;;
PROV3328;Skopin;;;;;;;;;;;;;;;;;;x;;;;
PROV3329;Michurinsk;;;;;;;;;;;;;;;;;;x;;;;
PROV3330;Uvarovo;;;;;;;;;;;;;;;;;;x;;;;
PROV3331;Starodub;;;;;;;;;;;;;;;;;;x;;;;
PROV3332;Chust;;;;;;;;;;;;;;;;;;x;;;;
PROV3333;Máramaros;;;;;;;;;;;;;;;;;;x;;;;
PROV901;Hasakh;;;;;;;;;;;;;;;;;;x;;;;
PROV962;Chernihiv;;;;;;;;;;;;;;;;;;x;;;;
PROV949;Homel;;;;;;;;;;;;;;;;;;x;;;;
PROV924;Amedi;;;;;;;;;;;;;;;;;;x;;;;
PROV928;Soran;;;;;;;;;;;;;;;;;;x;;;;
PROV925;Kirkuk;;;;;;;;;;;;;;;;;;x;;;;
PROV1054;Nasran;;;;;;;;;;;;;;;;;;x;;;;
PROV3336;Akkale;;;;;;;;;;;;;;;;;;x;;;;
PROV3337;Aksaray;;;;;;;;;;;;;;;;;;x;;;;
PROV3338;Nusheher;;;;;;;;;;;;;;;;;;x;;;;
PROV3339;Quzan;;;;;;;;;;;;;;;;;;x;;;;
PROV876;Engürü;;;;;;;;;;;;;;;;;;x;;;;
PROV868;Pirshehir;;;;;;;;;;;;;;;;;;x;;;;
PROV3339;Kirshehir;;;;;;;;;;;;;;;;;;x;;;;
PROV3340;Sibi;;;;;;;;;;;;;;;;;;x;;;;
PROV3341;Mustang;;;;;;;;;;;;;;;;;;x;;;;
PROV3342;Dimasa;;;;;;;;;;;;;;;;;;x;;;;
PROV827;Syrakus;;;;;;;;;;;;;;;;;;x;;;;
PROV624;Vas;;;;;;;;;;;;;;;;;;x;;;;
PROV618;Celovec;;;;;;;;;;;;;;;;;;x;;;;
PROV1182;Saraychyq;;;;;;;;;;;;;;;;;;x;;;;
PROV678;Hacidar;;;;;;;;;;;;;;;;;;x;;;;
PROV969;Orlik;;;;;;;;;;;;;;;;;;x;;;;
PROV968;Yedisan;;;;;;;;;;;;;;;;;;x;;;;
PROV970;Inhulec';;;;;;;;;;;;;;;;;;x;;;;
PROV971;Saksahan';;;;;;;;;;;;;;;;;;x;;;;
PROV972;Dnipro;;;;;;;;;;;;;;;;;;x;;;;
PROV973;Özükirmän;;;;;;;;;;;;;;;;;;x;;;;
PROV974;Bakhmut;;;;;;;;;;;;;;;;;;x;;;;
PROV975;Kalchik;;;;;;;;;;;;;;;;;;x;;;;
PROV976;Bohdanodar;;;;;;;;;;;;;;;;;;x;;;;
PROV978;Lopan;;;;;;;;;;;;;;;;;;x;;;; 
PROV979;Kyzyl-Kut;;;;;;;;;;;;;;;;;;x;;;;
PROV980;Luhans'k;;;;;;;;;;;;;;;;;;x;;;;
PROV1055;Sölscha-Ghala;;;;;;;;;;;;;;;;;;x;;;;
PROV1056;Khokhifondz;;;;;;;;;;;;;;;;;;x;;;;
PROV1050;Kabardia;;;;;;;;;;;;;;;;;;x;;;;
PROV1039;Sary Su;;;;;;;;;;;;;;;;;;x;;;;
PROV1040;Sok;;;;;;;;;;;;;;;;;;x;;;;
PROV1041;Elst;;;;;;;;;;;;;;;;;;x;;;;
PROV1045;Meskeçi;;;;;;;;;;;;;;;;;;x;;;;
PROV1046;Cir;;;;;;;;;;;;;;;;;;x;;;;
PROV1047;Azak;;;;;;;;;;;;;;;;;;x;;;;
PROV1048;Qoban;;;;;;;;;;;;;;;;;;x;;;;
PROV965;Hacibey;;;;;;;;;;;;;;;;;;x;;;;
#PROV964;Aq-Mescit;;;;;;;;;;;;;;;;;;x;;;;
PROV964;Baghçasaray;;;;;;;;;;;;;;;;;;x;;;;
PROV967;Cafa;;;;;;;;;;;;;;;;;;x;;;;
PROV966;Keriç;;;;;;;;;;;;;;;;;;x;;;;
PROV2610;Isan;;;;;;;;;;;;;;;;;;x;;;;
PROV1038;Janaozen;;;;;;;;;;;;;;;;;;x;;;;
PROV1037;Ukek;;;;;;;;;;;;;;;;;;x;;;;
PROV1035;Cinghyley;;;;;;;;;;;;;;;;;;x;;;;
PROV1032;Çistay;;;;;;;;;;;;;;;;;;x;;;;
PROV1033;Sember;;;;;;;;;;;;;;;;;;x;;;;
PROV1033;Ydmyrtir;;;;;;;;;;;;;;;;;;x;;;;
PROV1044;Jaiyq;;;;;;;;;;;;;;;;;;x;;;;
PROV1060;Jamanqala;;;;;;;;;;;;;;;;;;x;;;;
PROV1059;Meyäs;;;;;;;;;;;;;;;;;;x;;;;
PROV1031;Ydmyrtir;;;;;;;;;;;;;;;;;;x;;;;
PROV1058;Siläbe;;;;;;;;;;;;;;;;;;x;;;; 
PROV2685;Neromkarr;;;;;;;;;;;;;;;;;;x;;;;
PROV2614;Meyäs;;;;;;;;;;;;;;;;;;x;;;;
PROV2658;Ishem;;;;;;;;;;;;;;;;;;x;;;;
PROV1091;Tskhinval;;;;;;;;;;;;;;;;;;x;;;;
PROV1061;Qizil-Tura;;;;;;;;;;;;;;;;;;x;;;;
PROV1066;Qashliq;;;;;;;;;;;;;;;;;;x;;;;
PROV1064;Tura-Irtesh;;;;;;;;;;;;;;;;;;x;;;;
PROV351;Pernau;;;;;;;;;;;;;;;;;;x;;;;
PROV355;Wolmar;;;;;;;;;;;;;;;;;;x;;;;
PROV996;Laugas;;;;;;;;;;;;;;;;;;x;;;;
PROV994;Nöteborg;;;;;;;;;;;;;;;;;;x;;;;
PROV997;Ödowa;;;;;;;;;;;;;;;;;;x;;;;
PROV356;Latjishgorod;;;;;;;;;;;;;;;;;;x;;;;
PROV3345;Newa;;;;;;;;;;;;;;;;;;x;;;;
PROV3346;Swir;;;;;;;;;;;;;;;;;;x;;;;
PROV3347;Ilmen;;;;;;;;;;;;;;;;;;x;;;;
PROV3343;Balta;;;;;;;;;;;;;;;;;;x;;;;
PROV952;Ternopil';;;;;;;;;;;;;;;;;;x;;;;
PROV3344;Novy Vukovar;;;;;;;;;;;;;;;;;;x;;;;
PROV3348;Taman;;;;;;;;;;;;;;;;;;x;;;;
PROV3349;Bashilbay;;;;;;;;;;;;;;;;;;x;;;;
PROV3350;Tuapse;;;;;;;;;;;;;;;;;;x;;;;
PROV3351;Majar;;;;;;;;;;;;;;;;;;x;;;;
PROV3352;Karaidel;;;;;;;;;;;;;;;;;;x;;;;
PROV3353;Chelm;;;;;;;;;;;;;;;;;;x;;;;
PROV3354;Osa;;;;;;;;;;;;;;;;;;x;;;;
PROV3355;Porchow;;;;;;;;;;;;;;;;;;x;;;;
PROV3356;Toropets;;;;;;;;;;;;;;;;;;x;;;;
PROV3357;Staraya Russa;;;;;;;;;;;;;;;;;;x;;;;
PROV3358;Kholm;;;;;;;;;;;;;;;;;;x;;;;
PROV3359;Czenstochová;;;;;;;;;;;;;;;;;;x;;;;
PROV3360;Kassimov;;;;;;;;;;;;;;;;;;x;;;;
PROV3361;Šuomua;;;;;;;;;;;;;;;;;;x;;;;
PROV3362;Gümse;;;;;;;;;;;;;;;;;;x;;;;
PROV3363;Kakheti;;;;;;;;;;;;;;;;;;x;;;;
PROV3364;Mtskheta;;;;;;;;;;;;;;;;;;x;;;;
PROV3365;Gori;;;;;;;;;;;;;;;;;;x;;;;
PROV3366;Ilisu;;;;;;;;;;;;;;;;;;x;;;;
PROV3367;Qazakh;;;;;;;;;;;;;;;;;;x;;;;
PROV3368;Shushi;;;;;;;;;;;;;;;;;;x;;;;
PROV1100;Qafan;;;;;;;;;;;;;;;;;;x;;;;  
PROV3369;Khalilabad;;;;;;;;;;;;;;;;;;x;;;;
PROV3370;Shirvan;;;;;;;;;;;;;;;;;;x;;;;
PROV1052;Darband;;;;;;;;;;;;;;;;;;x;;;;
PROV1105;Ganjeh;;;;;;;;;;;;;;;;;;x;;;;
PROV3371;Rizini;;;;;;;;;;;;;;;;;;x;;;;
PROV3372;Volga;;;;;;;;;;;;;;;;;;x;;;;
PROV3373;Don;;;;;;;;;;;;;;;;;;x;;;;
PROV3374;Northern Caspian Sea;;;;;;;;;;;;;;;;;;x;;;;
PROV3375;Southern Caspian Sea;;;;;;;;;;;;;;;;;;x;;;;
PROV3376;Mardin;;;;;;;;;;;;;;;;;;x;;;;
PROV3377;Bayburt;;;;;;;;;;;;;;;;;;x;;;;
PROV3378;Nikeja;;;;;;;;;;;;;;;;;;x;;;;
PROV3379;Marand;;;;;;;;;;;;;;;;;;x;;;;
PROV3380;Parsabad;;;;;;;;;;;;;;;;;;x;;;;
PROV3381;Miyaneh;;;;;;;;;;;;;;;;;;x;;;;
PROV3382;Soltaniyeh;;;;;;;;;;;;;;;;;;x;;;;
PROV3383;Astara;;;;;;;;;;;;;;;;;;x;;;;
PROV3384;Tabas;;;;;;;;;;;;;;;;;;x;;;;
PROV3385;Ghaen;;;;;;;;;;;;;;;;;;x;;;;
PROV3386;Dasht-e Kavir;;;;;;;;;;;;;;;;;;x;;;;
PROV3387;Najafabad;;;;;;;;;;;;;;;;;;x;;;;
PROV3388;Behbahan;;;;;;;;;;;;;;;;;;x;;;;
PROV3389;Jahrom;;;;;;;;;;;;;;;;;;x;;;;
PROV3390;Abadeh;;;;;;;;;;;;;;;;;;x;;;;
PROV3391;Lar;;;;;;;;;;;;;;;;;;x;;;;
PROV3392;Abarkuh;;;;;;;;;;;;;;;;;;x;;;;
PROV3393;Dera Ismail Khan;;;;;;;;;;;;;;;;;;x;;;;
PROV3394;Kohistan;;;;;;;;;;;;;;;;;;x;;;;
PROV3395;Karimabad;;;;;;;;;;;;;;;;;;x;;;;
PROV3396;Sarakhs;;;;;;;;;;;;;;;;;;x;;;;
PROV3397;Elbrus;;;;;;;;;;;;;;;;;;x;;;;
PROV887;Arz-e Rum;;;;;;;;;;;;;;;;;;x;;;;
PROV1197;Kamranabad;;;;;;;;;;;;;;;;;;x;;;;
PROV1185;Bedbaqdala;;;;;;;;;;;;;;;;;;x;;;;
PROV1193;Yasi;;;;;;;;;;;;;;;;;;x;;;;
PROV888;Ismailabad;;;;;;;;;;;;;;;;;;x;;;;
PROV3398;Mishrian;;;;;;;;;;;;;;;;;;x;;;;
PROV3399;Uzboy;;;;;;;;;;;;;;;;;;x;;;;
PROV3400;Enderi;;;;;;;;;;;;;;;;;;x;;;;
PROV3401;Altykezek;;;;;;;;;;;;;;;;;;x;;;;
PROV1155;Najran;;;;;;;;;;;;;;;;;;x;;;;
PROV1164;al-Hasa;;;;;;;;;;;;;;;;;;x;;;;
PROV1163;al-Qatif;;;;;;;;;;;;;;;;;;x;;;;
PROV1049;Shapsug;;;;;;;;;;;;;;;;;;x;;;;
PROV3402;Mandsaur;;;;;;;;;;;;;;;;;;x;;;;
PROV1284;Ahmednagar;;;;;;;;;;;;;;;;;;x;;;;
PROV3264;Srikakulam;;;;;;;;;;;;;;;;;;x;;;;
PROV1283;Golkonda;;;;;;;;;;;;;;;;;;x;;;;
PROV1696;Saqiya;;;;;;;;;;;;;;;;;;x;;;;
PROV1773;Ijil;;;;;;;;;;;;;;;;;;x;;;;
PROV1775;Awlil;;;;;;;;;;;;;;;;;;x;;;;
PROV3408;Arguin;;;;;;;;;;;;;;;;;;x;;;;
PROV3403;Wadane;;;;;;;;;;;;;;;;;;x;;;;
PROV3404;Awdaghost;;;;;;;;;;;;;;;;;;x;;;;
PROV3406;Hodh;;;;;;;;;;;;;;;;;;x;;;;
PROV3403;Wadane;;;;;;;;;;;;;;;;;;x;;;;
PROV1689;Walata;;;;;;;;;;;;;;;;;;x;;;;
PROV1781;Tichitt;;;;;;;;;;;;;;;;;;x;;;;
PROV2609;Arawane;;;;;;;;;;;;;;;;;;x;;;;
PROV3407;Tawdenni;;;;;;;;;;;;;;;;;;x;;;;
PROV1717;Teghaza;;;;;;;;;;;;;;;;;;x;;;;
PROV3409;Twat;;;;;;;;;;;;;;;;;;x;;;;
PROV3410;al-Qulai'a;;;;;;;;;;;;;;;;;;x;;;;
PROV1712;al-Borma;;;;;;;;;;;;;;;;;;x;;;;
PROV1719;Ghadames;;;;;;;;;;;;;;;;;;x;;;;
PROV1721;Ahaggar;;;;;;;;;;;;;;;;;;x;;;;
PROV3410;al-Qulai'a;;;;;;;;;;;;;;;;;;x;;;;
PROV1742;Awjila;;;;;;;;;;;;;;;;;;x;;;;
PROV3411;Farafra;;;;;;;;;;;;;;;;;;x;;;;
PROV3405;Egyptian Desert;;;;;;;;;;;;;;;;;;x;;;;
PROV2858;al-Kufra;;;;;;;;;;;;;;;;;;x;;;;
PROV1814;Djourab;;;;;;;;;;;;;;;;;;x;;;;
PROV2564;Fada;;;;;;;;;;;;;;;;;;x;;;;
PROV3415;Nukheila;;;;;;;;;;;;;;;;;;x;;;;
PROV3414;Salima;;;;;;;;;;;;;;;;;;x;;;;
PROV3413;Zalla;;;;;;;;;;;;;;;;;;x;;;;
PROV1951;Ngarazama;;;;;;;;;;;;;;;;;;x;;;;
PROV1961;al-Junaynah;;;;;;;;;;;;;;;;;;x;;;;
PROV1841;Niyala;;;;;;;;;;;;;;;;;;x;;;;
PROV1841;Nyala;;;;;;;;;;;;;;;;;;x;;;;
PROV1312;Makran;;;;;;;;;;;;;;;;;;x;;;;
PROV2591;Qonduz;;;;;;;;;;;;;;;;;;x;;;;
PROV1210;Fayzabad;;;;;;;;;;;;;;;;;;x;;;;
PROV909;al-Kerak;;;;;;;;;;;;;;;;;;x;;;;
PROV908;'Aman;;;;;;;;;;;;;;;;;;x;;;;
PROV2499;Sharm al-Qa'im;;;;;;;;;;;;;;;;;;x;;;;
PROV2497;Makan al-Bij'a;;;;;;;;;;;;;;;;;;x;;;;
PROV2498;'Ardu Nounkour;;;;;;;;;;;;;;;;;;x;;;;
PROV3416;Ma'an;;;;;;;;;;;;;;;;;;x;;;;
PROV3417;Elbistan;;;;;;;;;;;;;;;;;;x;;;; 
PROV911;Sakaka;;;;;;;;;;;;;;;;;;x;;;;
PROV910;al-Qaryat;;;;;;;;;;;;;;;;;;x;;;;
PROV1156;Sahra' al-Nafud;;;;;;;;;;;;;;;;;;x;;;;
PROV1158;Sahra' al-Dahna;;;;;;;;;;;;;;;;;;x;;;;
PROV3418;Mantua;;;;;;;;;;;;;;;;;;x;;;;
PROV3419;Brindisi;;;;;;;;;;;;;;;;;;x;;;;
PROV3420;Susa;;;;;;;;;;;;;;;;;;x;;;;
PROV3421;Asti;;;;;;;;;;;;;;;;;;x;;;;
PROV3423;Gamebela;;;;;;;;;;;;;;;;;;x;;;;
PROV3424;Gibe;;;;;;;;;;;;;;;;;;x;;;;
PROV3425;al-Nasir;;;;;;;;;;;;;;;;;;x;;;;
PROV3426;Degehabur;;;;;;;;;;;;;;;;;;x;;;;
PROV3427;Mustahil;;;;;;;;;;;;;;;;;;x;;;;
PROV3428;Afder;;;;;;;;;;;;;;;;;;x;;;;
PROV3429;Aykel;;;;;;;;;;;;;;;;;;x;;;;
PROV3430;Sanja;;;;;;;;;;;;;;;;;;x;;;;
PROV3431;Lynediws;;;;;;;;;;;;;;;;;;x;;;;
PROV3433;Luka;;;;;;;;;;;;;;;;;;x;;;;
PROV1848;Tsazega;;;;;;;;;;;;;;;;;;x;;;;
PROV3434;Naftmardab;;;;;;;;;;;;;;;;;;x;;;;
PROV3435;Rufiji;;;;;;;;;;;;;;;;;;x;;;;
PROV3436;Lichinga;;;;;;;;;;;;;;;;;;x;;;;
PROV3438;Bukoba;;;;;;;;;;;;;;;;;;x;;;;
PROV3437;Dodomo;;;;;;;;;;;;;;;;;;x;;;;
PROV3439;Ijara;;;;;;;;;;;;;;;;;;x;;;;
PROV3440;Sumbawanga;;;;;;;;;;;;;;;;;;x;;;;
PROV3441;Wadi al-Dawasir;;;;;;;;;;;;;;;;;;x;;;;
PROV3442;al-Jawf;;;;;;;;;;;;;;;;;;x;;;;
PROV3443;Ma'rib;;;;;;;;;;;;;;;;;;x;;;;
PROV3444;Lushoto;;;;;;;;;;;;;;;;;;x;;;;
PROV3445;Musoma;;;;;;;;;;;;;;;;;;x;;;;
PROV3446;Abu Hamed;;;;;;;;;;;;;;;;;;x;;;;
PROV2037;Rovuma;;;;;;;;;;;;;;;;;;x;;;;
PROV2581;Namuno;;;;;;;;;;;;;;;;;;x;;;;
PROV2063;Pemba;;;;;;;;;;;;;;;;;;x;;;;
PROV2060;Mussambiki;;;;;;;;;;;;;;;;;;x;;;;
PROV2059;Mkalimani;;;;;;;;;;;;;;;;;;x;;;;
PROV2033;Garissa;;;;;;;;;;;;;;;;;;x;;;;
PROV2032;Voi;;;;;;;;;;;;;;;;;;x;;;;
PROV2046;Ujiji;;;;;;;;;;;;;;;;;;x;;;;
PROV1867;Hargeysa;;;;;;;;;;;;;;;;;;x;;;;
PROV3447;Zazzau;;;;;;;;;;;;;;;;;;x;;;;
PROV3448;Meiganga;;;;;;;;;;;;;;;;;;x;;;;
PROV3449;Nguti;;;;;;;;;;;;;;;;;;x;;;;
PROV3450;Nagero;;;;;;;;;;;;;;;;;;x;;;;
PROV3451;Nahr al-Manzur;;;;;;;;;;;;;;;;;;x;;;;
PROV3452;Afoogye;;;;;;;;;;;;;;;;;;x;;;;
PROV1755;al-Isma'iliyya;;;;;;;;;;;;;;;;;;x;;;;
PROV1756;al-'Arish;;;;;;;;;;;;;;;;;;x;;;;
PROV921;al-Naqb;;;;;;;;;;;;;;;;;;x;;;;
PROV919;Jaffa;;;;;;;;;;;;;;;;;;x;;;;
PROV917;al-Quds;;;;;;;;;;;;;;;;;;x;;;;
PROV918;Nabulus;;;;;;;;;;;;;;;;;;x;;;;
PROV916;Acre;;;;;;;;;;;;;;;;;;x;;;;
PROV906;al-Suwaida';;;;;;;;;;;;;;;;;;x;;;;
PROV915;Sur;;;;;;;;;;;;;;;;;;x;;;;
PROV913;Bayrut;;;;;;;;;;;;;;;;;;x;;;;
PROV912;Ba'labakk;;;;;;;;;;;;;;;;;;x;;;;
PROV912;Tarabulus;;;;;;;;;;;;;;;;;;x;;;;
PROV897;Halab;;;;;;;;;;;;;;;;;;x;;;;
PROV903;Hims;;;;;;;;;;;;;;;;;;x;;;;
PROV902;Dimashq;;;;;;;;;;;;;;;;;;x;;;;
PROV907;Tadmur;;;;;;;;;;;;;;;;;;x;;;;
PROV1153;al-Madina;;;;;;;;;;;;;;;;;;x;;;;
PROV1151;Makka;;;;;;;;;;;;;;;;;;x;;;;
PROV1152;Jiddah;;;;;;;;;;;;;;;;;;x;;;;
PROV1161;al-Dawadmi;;;;;;;;;;;;;;;;;;x;;;;
PROV1159;Bisha;;;;;;;;;;;;;;;;;;x;;;;
PROV2586;Rub al-Khali;;;;;;;;;;;;;;;;;;x;;;;
PROV930;Maysan;;;;;;;;;;;;;;;;;;x;;;;
PROV1101;Nakhchivan;;;;;;;;;;;;;;;;;;x;;;;
PROV932;Basreh;;;;;;;;;;;;;;;;;;x;;;;
PROV1160;Ha'il;;;;;;;;;;;;;;;;;;x;;;;
PROV922;Rafha;;;;;;;;;;;;;;;;;;x;;;;
PROV3453;Chavar;;;;;;;;;;;;;;;;;;x;;;;
PROV1119;Kermanshah;;;;;;;;;;;;;;;;;;x;;;;
PROV2136;Achinet;;;;;;;;;;;;;;;;;;x;;;;
PROV1691;Anfa;;;;;;;;;;;;;;;;;;x;;;;
PROV3454;Anar Dareh;;;;;;;;;;;;;;;;;;x;;;;
PROV1117;Sanandaj;;;;;;;;;;;;;;;;;;x;;;;
PROV1118;Saqqez;;;;;;;;;;;;;;;;;;x;;;;
PROV1110;Orumiyeh;;;;;;;;;;;;;;;;;;x;;;;
PROV3412;Nafusa;;;;;;;;;;;;;;;;;;x;;;;
PROV1842;al-Fasher;;;;;;;;;;;;;;;;;;x;;;;
PROV1180;Haima';;;;;;;;;;;;;;;;;;x;;;;
PROV3280;Thumrait;;;;;;;;;;;;;;;;;;x;;;;
PROV3455;Bust;;;;;;;;;;;;;;;;;;x;;;;
PROV3456;Qaleh-ye Ganj;;;;;;;;;;;;;;;;;;x;;;;
PROV3457;Pahreh;;;;;;;;;;;;;;;;;;x;;;;
PROV3458;Sar-e Pol;;;;;;;;;;;;;;;;;;x;;;;
PROV1144;Dozdab;;;;;;;;;;;;;;;;;;x;;;;
PROV1744;Ghat;;;;;;;;;;;;;;;;;;x;;;;
PROV3459;Gobir;;;;;;;;;;;;;;;;;;x;;;;
PROV3460;Rano;;;;;;;;;;;;;;;;;;x;;;;
PROV3461;Daura;;;;;;;;;;;;;;;;;;x;;;;
PROV3462;Yauri;;;;;;;;;;;;;;;;;;x;;;;
PROV3474;Niya;;;;;;;;;;;;;;;;;;x;;;;
PROV3464;Kuhikugu;;;;;;;;;;;;;;;;;;x;;;;
PROV3465;Waura;;;;;;;;;;;;;;;;;;x;;;;
PROV3466;Tembe;;;;;;;;;;;;;;;;;;x;;;;
PROV3467;Tobajara;;;;;;;;;;;;;;;;;;x;;;;
PROV3468;Chakamekra;;;;;;;;;;;;;;;;;;x;;;;
PROV3469;Itaueira;;;;;;;;;;;;;;;;;;x;;;;
PROV3470;Apinaye;;;;;;;;;;;;;;;;;;x;;;;
PROV3471;Cariri;;;;;;;;;;;;;;;;;;x;;;;
PROV3472;Amoipira;;;;;;;;;;;;;;;;;;x;;;;
PROV3474;Niya;;;;;;;;;;;;;;;;;;x;;;;
PROV3475;Shikrin;;;;;;;;;;;;;;;;;;x;;;;
PROV3476;Gorotire;;;;;;;;;;;;;;;;;;x;;;;
PROV3477;Juruna;;;;;;;;;;;;;;;;;;x;;;;
PROV3478;Bororo;;;;;;;;;;;;;;;;;;x;;;;
PROV3479;Tshukahamai;;;;;;;;;;;;;;;;;;x;;;;
PROV3480;Kawahib;;;;;;;;;;;;;;;;;;x;;;;
PROV3481;Amazon Delta;;;;;;;;;;;;;;;;;;x;;;;
PROV2607;Chaqiliq;;;;;;;;;;;;;;;;;;x;;;;
PROV1825;Western Libyian Desert;;;;;;;;;;;;;;;;;;x;;;;
PROV1758;Eastern Libyian Desert;;;;;;;;;;;;;;;;;;x;;;;
PROV1904;Tumbuktu;;;;;;;;;;;;;;;;;;x;;;;
PROV1918;Fada N'Gurma;;;;;;;;;;;;;;;;;;x;;;;
PROV3463;Teotitlan;;;;;;;;;;;;;;;;;;x;;;;
PROV1714;Kantarawi;;;;;;;;;;;;;;;;;;x;;;;
PROV1979;Apalai;;;;;;;;;;;;;;;;;;x;;;;
PROV3485;Tupisa;;;;;;;;;;;;;;;;;;x;;;;
PROV3486;Quchapampa;;;;;;;;;;;;;;;;;;x;;;; 
PROV3487;Wanqani;;;;;;;;;;;;;;;;;;x;;;;
PROV3488;Hullaqa;;;;;;;;;;;;;;;;;;x;;;;
PROV3489;Yanawqa;;;;;;;;;;;;;;;;;;x;;;; 
PROV3490;Uskallaqta;;;;;;;;;;;;;;;;;;x;;;; 
PROV3491;Muqiwa;;;;;;;;;;;;;;;;;;x;;;;
PROV3492;Qarawili;;;;;;;;;;;;;;;;;;x;;;;
PROV3493;Kutapampa;;;;;;;;;;;;;;;;;;x;;;;
PROV3494;Akari;;;;;;;;;;;;;;;;;;x;;;;
PROV3495;Naska;;;;;;;;;;;;;;;;;;x;;;;
PROV3496;Chincha;;;;;;;;;;;;;;;;;;x;;;; 
PROV3497;Wachu;;;;;;;;;;;;;;;;;;x;;;;
PROV3498;Chanchan;;;;;;;;;;;;;;;;;;x;;;;
PROV3499;Tumpis;;;;;;;;;;;;;;;;;;x;;;; 
PROV3500;Wankapampa;;;;;;;;;;;;;;;;;;x;;;;
PROV3501;Sach'apuyu;;;;;;;;;;;;;;;;;;x;;;;
PROV3502;Qasamarka;;;;;;;;;;;;;;;;;;x;;;;
PROV3503;Wamachuku;;;;;;;;;;;;;;;;;;x;;;;
PROV3504;Cholon;;;;;;;;;;;;;;;;;;x;;;;
PROV3505;Wanuku;;;;;;;;;;;;;;;;;;x;;;;
PROV3506;Qasatampu;;;;;;;;;;;;;;;;;;x;;;; 
PROV3507;Chanchamayu;;;;;;;;;;;;;;;;;;x;;;;
PROV3508;Chinchayqucha;;;;;;;;;;;;;;;;;;x;;;;
PROV3509;Yawyu;;;;;;;;;;;;;;;;;;x;;;;
PROV3510;Yanesha;;;;;;;;;;;;;;;;;;x;;;;
PROV3511;Angara;;;;;;;;;;;;;;;;;;x;;;;
PROV3512;Wankawilka;;;;;;;;;;;;;;;;;;x;;;;  
PROV3513;Pariwanaqucha;;;;;;;;;;;;;;;;;;x;;;;
PROV3514;Antawaylla;;;;;;;;;;;;;;;;;;x;;;;
PROV3515;Chinchiru;;;;;;;;;;;;;;;;;;x;;;;
PROV3516;Paqaritampu;;;;;;;;;;;;;;;;;;x;;;;
PROV3517;Qusqu;;;;;;;;;;;;;;;;;;x;;;;
PROV3518;Pawqartampu;;;;;;;;;;;;;;;;;;x;;;;
PROV3519;Willkapampa;;;;;;;;;;;;;;;;;;x;;;;
PROV3520;Harakmpit;;;;;;;;;;;;;;;;;;x;;;;
PROV3521;Ch'unchu;;;;;;;;;;;;;;;;;;x;;;;
PROV3522;Challwanka;;;;;;;;;;;;;;;;;;x;;;;
PROV3523;Tsachila;;;;;;;;;;;;;;;;;;x;;;;
PROV3524;Kwayker;;;;;;;;;;;;;;;;;;x;;;;
PROV3525;Tumipampa;;;;;;;;;;;;;;;;;;x;;;;
PROV3526;Salasaca;;;;;;;;;;;;;;;;;;x;;;;
PROV3527;Otavalo;;;;;;;;;;;;;;;;;;x;;;;
PROV3528;Caranqui;;;;;;;;;;;;;;;;;;x;;;;
PROV3529;Napuruna;;;;;;;;;;;;;;;;;;x;;;;
PROV3530;Tukumi;;;;;;;;;;;;;;;;;;x;;;;
PROV3531;Cihuatlan;;;;;;;;;;;;;;;;;;x;;;;
PROV3532;Yohualtepec;;;;;;;;;;;;;;;;;;x;;;;
PROV3533;Tlapan;;;;;;;;;;;;;;;;;;x;;;;
PROV3534;Huaxtepec;;;;;;;;;;;;;;;;;;x;;;;
PROV3535;Tepeyacac;;;;;;;;;;;;;;;;;;x;;;;
PROV3536;Coyolapan;;;;;;;;;;;;;;;;;;x;;;;
PROV3537;Tochtepec;;;;;;;;;;;;;;;;;;x;;;;
PROV3538;Metztitlan;;;;;;;;;;;;;;;;;;x;;;;
PROV3539;Tancitaro;;;;;;;;;;;;;;;;;;x;;;;
PROV3540;Puruaran;;;;;;;;;;;;;;;;;;x;;;;
PROV3541;Patzcuaro;;;;;;;;;;;;;;;;;;x;;;;
PROV3542;Tzuntzuntzan;;;;;;;;;;;;;;;;;;x;;;;
PROV3543;Zapotlan;;;;;;;;;;;;;;;;;;x;;;;
PROV3544;Teulinchan;;;;;;;;;;;;;;;;;;x;;;;
PROV3545;Tlacuitlapan;;;;;;;;;;;;;;;;;;x;;;;
PROV3546;Calkini;;;;;;;;;;;;;;;;;;x;;;;
PROV3547;Mani;;;;;;;;;;;;;;;;;;x;;;;
PROV3548;Saki;;;;;;;;;;;;;;;;;;x;;;;
PROV3549;Ekab;;;;;;;;;;;;;;;;;;x;;;;
PROV3550;Champutun;;;;;;;;;;;;;;;;;;x;;;;
PROV3551;Chontal;;;;;;;;;;;;;;;;;;x;;;;
PROV3552;Zaculeu;;;;;;;;;;;;;;;;;;x;;;;
PROV3553;Huitiupan;;;;;;;;;;;;;;;;;;x;;;;
PROV3554;Q'umarkaj;;;;;;;;;;;;;;;;;;x;;;;
PROV3555;Jilotepeque;;;;;;;;;;;;;;;;;;x;;;;
PROV3556;Chorotega;;;;;;;;;;;;;;;;;;x;;;;
PROV3557;Putun Chan;;;;;;;;;;;;;;;;;;x;;;;
PROV3558;Kan Pech;;;;;;;;;;;;;;;;;;x;;;;
PROV3559;Cempoalatl;;;;;;;;;;;;;;;;;;x;;;;
PROV3560;Coatzacoalcos;;;;;;;;;;;;;;;;;;x;;;;
PROV3561;Ohlone;;;;;;;;;;;;;;;;;;x;;;;
PROV3562;Miwok;;;;;;;;;;;;;;;;;;x;;;;
PROV3563;Kawaiisu;;;;;;;;;;;;;;;;;;x;;;;
PROV3564;Yoruk;;;;;;;;;;;;;;;;;;x;;;;
PROV859;Gallipoli;;;;;;;;;;;;;;;;;;x;;;;
PROV860;Constantinopolis;;;;;;;;;;;;;;;;;;x;;;;
PROV831;Larisa;;;;;;;;;;;;;;;;;;x;;;;
PROV3611;Damghan;;;;;;;;;;;;;;;;;;x;;;; 
PROV3612;Turkmensahra;;;;;;;;;;;;;;;;;;x;;;;
PROV3613;Quchan;;;;;;;;;;;;;;;;;;x;;;;
PROV3614;Lebap;;;;;;;;;;;;;;;;;;x;;;;
PROV3615;Namagan;;;;;;;;;;;;;;;;;;x;;;;
PROV3616;Andijon;;;;;;;;;;;;;;;;;;x;;;;
PROV3617;Hissor;;;;;;;;;;;;;;;;;;x;;;;
PROV3618;Ayni;;;;;;;;;;;;;;;;;;x;;;;
PROV3619;Qala-ye Khomb;;;;;;;;;;;;;;;;;;x;;;;
PROV3620;Uroteppa;;;;;;;;;;;;;;;;;;x;;;;
PROV3621;Murghab;;;;;;;;;;;;;;;;;;x;;;;
PROV3622;Sarikol;;;;;;;;;;;;;;;;;;x;;;; 
PROV3623;Gilgit;;;;;;;;;;;;;;;;;;x;;;;
PROV3624;Nuristan;;;;;;;;;;;;;;;;;;x;;;;
PROV3625;Wakhan;;;;;;;;;;;;;;;;;;x;;;;
PROV3626;Kharan;;;;;;;;;;;;;;;;;;x;;;;
PROV3627;Chishti;;;;;;;;;;;;;;;;;;x;;;;
PROV3628;Ghuryan;;;;;;;;;;;;;;;;;;x;;;;
PROV3629;Solimaniyeh;;;;;;;;;;;;;;;;;;x;;;;
PROV3630;Arbil;;;;;;;;;;;;;;;;;;x;;;;
PROV3631;al-Fallujah;;;;;;;;;;;;;;;;;;x;;;;
PROV3632;Sahra' al-Jazira;;;;;;;;;;;;;;;;;;x;;;;
PROV3633;al-Kut;;;;;;;;;;;;;;;;;;x;;;;
PROV3634;Shushtar;;;;;;;;;;;;;;;;;;x;;;;
PROV3635;Darab;;;;;;;;;;;;;;;;;;x;;;; 
PROV3636;Dashtestan;;;;;;;;;;;;;;;;;;x;;;;
PROV3637;Minab;;;;;;;;;;;;;;;;;;x;;;;
PROV3638;Firuzkuh;;;;;;;;;;;;;;;;;;x;;;;
PROV3639;Rudbar;;;;;;;;;;;;;;;;;;x;;;;
PROV3640;Ardakan;;;;;;;;;;;;;;;;;;x;;;;
PROV3641;Bastam;;;;;;;;;;;;;;;;;;x;;;;
PROV3642;Nishapur;;;;;;;;;;;;;;;;;;x;;;;
PROV3643;Zaveh;;;;;;;;;;;;;;;;;;x;;;;
PROV3644;Qalat-e Nadiri;;;;;;;;;;;;;;;;;;x;;;;
PROV3645;Kashmar;;;;;;;;;;;;;;;;;;x;;;;
PROV3646;Mahshahr;;;;;;;;;;;;;;;;;;x;;;;
PROV3647;Kaitag;;;;;;;;;;;;;;;;;;x;;;;
PROV1142;Hormuz;;;;;;;;;;;;;;;;;;x;;;;
PROV3651;Maku;;;;;;;;;;;;;;;;;;x;;;;
PROV3652;Salamis;;;;;;;;;;;;;;;;;;x;;;;
PROV3653;Piranshahr;;;;;;;;;;;;;;;;;;x;;;;
PROV1115;Amol;;;;;;;;;;;;;;;;;;x;;;;
PROV1116;Astarabad;;;;;;;;;;;;;;;;;;x;;;;
PROV3612;Turkmensahra;;;;;;;;;;;;;;;;;;x;;;;
PROV1127;Esfahan;;;;;;;;;;;;;;;;;;x;;;;
PROV3646;Mahshahr;;;;;;;;;;;;;;;;;;x;;;;
PROV1141;Bandar-e Lengeh;;;;;;;;;;;;;;;;;;x;;;;
PROV1138;Bandar-e Kangan;;;;;;;;;;;;;;;;;;x;;;;
PROV3648;Eghil;;;;;;;;;;;;;;;;;;x;;;;
PROV3649;Bingöl;;;;;;;;;;;;;;;;;;x;;;;
PROV3650;Shirvan;;;;;;;;;;;;;;;;;;x;;;;
PROV3655;Icel;;;;;;;;;;;;;;;;;;x;;;;
PROV3654;Malazgirt;;;;;;;;;;;;;;;;;;x;;;;
PROV3656;Beyshehir;;;;;;;;;;;;;;;;;;x;;;;
PROV3657;Kirshehir;;;;;;;;;;;;;;;;;;x;;;;
PROV3658;Karaman;;;;;;;;;;;;;;;;;;x;;;;
PROV3659;Gümüshhane;;;;;;;;;;;;;;;;;;x;;;;
PROV3660;Tokat;;;;;;;;;;;;;;;;;;x;;;;
PROV3661;Tuz Qala;;;;;;;;;;;;;;;;;;x;;;;
PROV3662;Emba;;;;;;;;;;;;;;;;;;x;;;;
PROV3663;Taras;;;;;;;;;;;;;;;;;;x;;;;
PROV3664;Kyzyzlsu;;;;;;;;;;;;;;;;;;x;;;;
PROV3665;Aqmola;;;;;;;;;;;;;;;;;;x;;;;
PROV1184;Ezil;;;;;;;;;;;;;;;;;;x;;;;
PROV3666;Ulytau;;;;;;;;;;;;;;;;;;x;;;;
PROV3667;Dehloran;;;;;;;;;;;;;;;;;;x;;;;
PROV3668;Abadzekh;;;;;;;;;;;;;;;;;;x;;;;
PROV3669;Besleney;;;;;;;;;;;;;;;;;;x;;;;
PROV3670;Mesdega;;;;;;;;;;;;;;;;;;x;;;;
PROV3671;Kemguy;;;;;;;;;;;;;;;;;;x;;;;
PROV3672;Balzimachi;;;;;;;;;;;;;;;;;;x;;;;
PROV3673;Kuma;;;;;;;;;;;;;;;;;;x;;;;
PROV1099;Lori;;;;;;;;;;;;;;;;;;x;;;;
PROV1051;Kassog;;;;;;;;;;;;;;;;;;x;;;;
PROV3675;Vodena;;;;;;;;;;;;;;;;;;x;;;;
PROV3676;Athos;;;;;;;;;;;;;;;;;;x;;;;
PROV3677;Plodiv;;;;;;;;;;;;;;;;;;x;;;;
PROV3678;Durazzo;;;;;;;;;;;;;;;;;;x;;;;
PROV3679;Scutari;;;;;;;;;;;;;;;;;;x;;;;
PROV3680;Lake Ohrid;;;;;;;;;;;;;;;;;;x;;;;
PROV3681;Lake Prespa;;;;;;;;;;;;;;;;;;x;;;;
PROV3682;Lake Kastoria;;;;;;;;;;;;;;;;;;x;;;;
PROV3683;Lake Vegoritida;;;;;;;;;;;;;;;;;;x;;;;
PROV3684;Lake Dojran;;;;;;;;;;;;;;;;;;x;;;;
PROV3685;Lake Volvi;;;;;;;;;;;;;;;;;;x;;;;
PROV3686;Lake Koronia;;;;;;;;;;;;;;;;;;x;;;;
PROV3687;Lake Scutari;;;;;;;;;;;;;;;;;;x;;;;
PROV3688;Wallachian Lakes;;;;;;;;;;;;;;;;;;x;;;;
PROV3689;Danube Delta;;;;;;;;;;;;;;;;;;x;;;;
PROV3690;Lake Pamvotida;;;;;;;;;;;;;;;;;;x;;;;
PROV3691;Lake Trichonida;;;;;;;;;;;;;;;;;;x;;;;
PROV3692;Lake Yliki;;;;;;;;;;;;;;;;;;x;;;;
PROV3693;Boullion;;;;;;;;;;;;;;;;;;x;;;;
PROV3694;Zweibrücken;;;;;;;;;;;;;;;;;;x;;;;
PROV3695;Worms;;;;;;;;;;;;;;;;;;x;;;;
PROV3696;Speyer;;;;;;;;;;;;;;;;;;x;;;;
PROV3697;Schweinfurt;;;;;;;;;;;;;;;;;;x;;;;
PROV3698;Bamberg;;;;;;;;;;;;;;;;;;x;;;;
PROV3699;Sulzbach;;;;;;;;;;;;;;;;;;x;;;;
PROV3700;Amberg;;;;;;;;;;;;;;;;;;x;;;;
PROV3701;Ansbach;;;;;;;;;;;;;;;;;;x;;;;
PROV3702;Passau;;;;;;;;;;;;;;;;;;x;;;;
PROV3703;Rothenberg;;;;;;;;;;;;;;;;;;x;;;;
PROV3704;Freising;;;;;;;;;;;;;;;;;;x;;;;
PROV3705;Neuburg;;;;;;;;;;;;;;;;;;x;;;;
PROV3706;Kempten;;;;;;;;;;;;;;;;;;x;;;;
PROV3707;Memmingen;;;;;;;;;;;;;;;;;;x;;;;
PROV3708;Ravensburg;;;;;;;;;;;;;;;;;;x;;;;
PROV3709;Yoshkar-Ola;;;;;;;;;;;;;;;;;;x;;;;
PROV3710;Bar-le-Duc;;;;;;;;;;;;;;;;;;x;;;;
PROV3711;Bockenheim;;;;;;;;;;;;;;;;;;x;;;;
PROV3714;Hagenau;;;;;;;;;;;;;;;;;;x;;;;
PROV3715;Mömpelgard;;;;;;;;;;;;;;;;;;x;;;;
PROV948;Drutsk;;;;;;;;;;;;;;;;;;x;;;;
PROV850;Orosh;;;;;;;;;;;;;;;;;;x;;;;
PROV1780;Ohrid;;;;;;;;;;;;;;;;;;x;;;;
PROV3674;Voskopoja;;;;;;;;;;;;;;;;;;x;;;;
PROV3716;Novi Grad;;;;;;;;;;;;;;;;;;x;;;;
PROV815;Kardzhali;;;;;;;;;;;;;;;;;;x;;;;
PROV3717;Kannál;;;;;;;;;;;;;;;;;;x;;;;
PROV3718;Neméthely;;;;;;;;;;;;;;;;;;x;;;;
PROV3609;Zilah;;;;;;;;;;;;;;;;;;x;;;;
PROV3610;Ramnitz;;;;;;;;;;;;;;;;;;x;;;;
PROV3719;Sysran;;;;;;;;;;;;;;;;;;x;;;;
PROV3720;Cheremis;;;;;;;;;;;;;;;;;;x;;;;
PROV3721;Shorkar;;;;;;;;;;;;;;;;;;x;;;;
PROV3722;Dolgan;;;;;;;;;;;;;;;;;;x;;;;
PROV3723;Orok;;;;;;;;;;;;;;;;;;x;;;;
PROV3724;Alchuka;;;;;;;;;;;;;;;;;;x;;;;
PROV3725;Oroch;;;;;;;;;;;;;;;;;;x;;;;
PROV3726;Ulch;;;;;;;;;;;;;;;;;;x;;;;
PROV3727;Talab-e Anzali;;;;;;;;;;;;;;;;;;x;;;;
PROV3728;Daryacheh-ye Namak;;;;;;;;;;;;;;;;;;x;;;;
PROV3729;Hoz-e Soltan;;;;;;;;;;;;;;;;;;x;;;;
PROV3730;Daryacheh-e Haj Aligholi;;;;;;;;;;;;;;;;;;x;;;;
PROV3731;Namakzar;;;;;;;;;;;;;;;;;;x;;;;
PROV3732;Hamun-e Helmand;;;;;;;;;;;;;;;;;;x;;;;
PROV3733;Hamun-e Meshkel;;;;;;;;;;;;;;;;;;x;;;;
PROV3734;Hamun-e Lora;;;;;;;;;;;;;;;;;;x;;;;
PROV3735;Hamun-e Jaz Murian;;;;;;;;;;;;;;;;;;x;;;;
PROV3736;Daryacheh-ye Tashk;;;;;;;;;;;;;;;;;;x;;;;
PROV3737;Daryacheh-ye Bakhtegan;;;;;;;;;;;;;;;;;;x;;;;
PROV3738;Shahzadpur;;;;;;;;;;;;;;;;;;x;;;;
PROV3739;Nawanshahr;;;;;;;;;;;;;;;;;;x;;;;
PROV3740;Bijnut;;;;;;;;;;;;;;;;;;x;;;;
PROV3741;Hisar;;;;;;;;;;;;;;;;;;x;;;;
PROV3742;Patiala;;;;;;;;;;;;;;;;;;x;;;;
PROV3749;Khanlar;;;;;;;;;;;;;;;;;;x;;;;
PROV3750;Istisu;;;;;;;;;;;;;;;;;;x;;;;
PROV3751;Julfa;;;;;;;;;;;;;;;;;;x;;;;
PROV3752;Kelbajar;;;;;;;;;;;;;;;;;;x;;;;
PROV3753;Lahij;;;;;;;;;;;;;;;;;;x;;;;
PROV3754;Rustawi;;;;;;;;;;;;;;;;;;x;;;;
PROV3755;Jamborg;;;;;;;;;;;;;;;;;;x;;;;
PROV3756;Cheleken;;;;;;;;;;;;;;;;;;x;;;;
PROV3757;Dasht-e Yomud;;;;;;;;;;;;;;;;;;x;;;;
PROV3758;Tagta;;;;;;;;;;;;;;;;;;x;;;;
PROV3759;Darvaza;;;;;;;;;;;;;;;;;;x;;;;
PROV3760;Salimah;;;;;;;;;;;;;;;;;;x;;;;
PROV3761;Kufra desert;;;;;;;;;;;;;;;;;;x;;;;
PROV3762;Sarir Kalanshiyu;;;;;;;;;;;;;;;;;;x;;;;
PROV3763;Khur;;;;;;;;;;;;;;;;;;x;;;;
PROV3764;Kunlun;;;;;;;;;;;;;;;;;;x;;;;
PROV3765;Aksai Chin;;;;;;;;;;;;;;;;;;x;;;;
PROV3766;Sitawaka;;;;;;;;;;;;;;;;;;x;;;;
PROV3767;Vanni;;;;;;;;;;;;;;;;;;x;;;;
PROV3768;Madakalapuwa;;;;;;;;;;;;;;;;;;x;;;;
PROV3769;Mannar;;;;;;;;;;;;;;;;;;x;;;;
PROV3770;Mangaluru;;;;;;;;;;;;;;;;;;x;;;;
PROV3771;Kuchi;;;;;;;;;;;;;;;;;;x;;;;
PROV3772;Palakkad;;;;;;;;;;;;;;;;;;x;;;;
PROV3773;Kollam;;;;;;;;;;;;;;;;;;x;;;;
PROV3774;Tuttukkudi;;;;;;;;;;;;;;;;;;x;;;;
PROV3775;Nagapattinam;;;;;;;;;;;;;;;;;;x;;;;
PROV3776;Mumbai;;;;;;;;;;;;;;;;;;x;;;;
PROV3777;Daman;;;;;;;;;;;;;;;;;;x;;;;
PROV3778;Diu;;;;;;;;;;;;;;;;;;x;;;;
PROV3779;Kolachi;;;;;;;;;;;;;;;;;;x;;;;
PROV3780;Bandar-e Masula;;;;;;;;;;;;;;;;;;x;;;;
PROV3781;Ballari;;;;;;;;;;;;;;;;;;x;;;;
PROV3782;Solapur;;;;;;;;;;;;;;;;;;x;;;;
PROV3783;Chittakula;;;;;;;;;;;;;;;;;;x;;;;
PROV3784;Bidar;;;;;;;;;;;;;;;;;;x;;;;
PROV3785;Maisuru;;;;;;;;;;;;;;;;;;x;;;;
PROV3786;Bidanur;;;;;;;;;;;;;;;;;;x;;;;
PROV3787;Salem;;;;;;;;;;;;;;;;;;x;;;;
PROV3788;Chengalpattu;;;;;;;;;;;;;;;;;;x;;;;
PROV3789;Karnulu;;;;;;;;;;;;;;;;;;x;;;;
PROV3790;Adilabad;;;;;;;;;;;;;;;;;;x;;;;
PROV3791;Chandrapur;;;;;;;;;;;;;;;;;;x;;;;
PROV3792;Jaypur;;;;;;;;;;;;;;;;;;x;;;;
PROV3793;Kanker;;;;;;;;;;;;;;;;;;x;;;;
PROV3794;Bhawanipatna;;;;;;;;;;;;;;;;;;x;;;;
PROV3795;Balangir;;;;;;;;;;;;;;;;;;x;;;;
PROV3796;Kendujhar;;;;;;;;;;;;;;;;;;x;;;;
PROV3797;Baripada;;;;;;;;;;;;;;;;;;x;;;;
PROV3798;Tamluk;;;;;;;;;;;;;;;;;;x;;;;
PROV3799;Puri;;;;;;;;;;;;;;;;;;x;;;;
PROV3800;Baudh;;;;;;;;;;;;;;;;;;x;;;;
PROV3801;Debargarh;;;;;;;;;;;;;;;;;;x;;;;
PROV3802;Palamu;;;;;;;;;;;;;;;;;;x;;;;
PROV3803;Kandynagar;;;;;;;;;;;;;;;;;;x;;;;
PROV3804;Manabhum;;;;;;;;;;;;;;;;;;x;;;;
PROV3805;Hazaribagh;;;;;;;;;;;;;;;;;;x;;;;
PROV3806;Burhanpur;;;;;;;;;;;;;;;;;;x;;;;
PROV3807;Washim;;;;;;;;;;;;;;;;;;x;;;;
PROV3808;Daulatabad;;;;;;;;;;;;;;;;;;x;;;;
PROV3809;Thana;;;;;;;;;;;;;;;;;;x;;;;
PROV3810;Ratnagiri;;;;;;;;;;;;;;;;;;x;;;;
PROV3811;Chakma;;;;;;;;;;;;;;;;;;x;;;;
PROV3812;Roshnabad;;;;;;;;;;;;;;;;;;x;;;;
PROV3813;Kabaw;;;;;;;;;;;;;;;;;;x;;;;
PROV3814;Mishmi;;;;;;;;;;;;;;;;;;x;;;;
PROV3815;Mongkwang;;;;;;;;;;;;;;;;;;x;;;;
PROV3816;Kale;;;;;;;;;;;;;;;;;;x;;;;
PROV3817;Koch Bihar;;;;;;;;;;;;;;;;;;x;;;;
PROV3818;Khasi;;;;;;;;;;;;;;;;;;x;;;;
PROV3819;Garo;;;;;;;;;;;;;;;;;;x;;;;
PROV3820;Bhalwa;;;;;;;;;;;;;;;;;;x;;;;
PROV3821;Shujabad;;;;;;;;;;;;;;;;;;x;;;;
PROV3822;Saptagram;;;;;;;;;;;;;;;;;;x;;;;
PROV3823;Khulna;;;;;;;;;;;;;;;;;;x;;;;
PROV3824;Midnapur;;;;;;;;;;;;;;;;;;x;;;;
PROV3825;Zafarabad;;;;;;;;;;;;;;;;;;x;;;;
PROV3826;Faridpur;;;;;;;;;;;;;;;;;;x;;;;
PROV3827;Bankura;;;;;;;;;;;;;;;;;;x;;;;
PROV3828;Rangpur;;;;;;;;;;;;;;;;;;x;;;;
PROV3829;Nasirabad;;;;;;;;;;;;;;;;;;x;;;;
PROV3830;Sylhet;;;;;;;;;;;;;;;;;;x;;;;
PROV3831;Zhongba;;;;;;;;;;;;;;;;;;x;;;;
PROV3832;Yadgir;;;;;;;;;;;;;;;;;;x;;;;
PROV3833;Chamba;;;;;;;;;;;;;;;;;;x;;;;
PROV3834;Spiti;;;;;;;;;;;;;;;;;;x;;;;
PROV3835;Mandi;;;;;;;;;;;;;;;;;;x;;;;
PROV3836;Chilas;;;;;;;;;;;;;;;;;;x;;;;
PROV3837;Burahan;;;;;;;;;;;;;;;;;;x;;;;
PROV3838;Muzaffargarh;;;;;;;;;;;;;;;;;;x;;;;
PROV3839;Loralai;;;;;;;;;;;;;;;;;;x;;;;
PROV3840;Zhob;;;;;;;;;;;;;;;;;;x;;;;
PROV3841;Gujranwala;;;;;;;;;;;;;;;;;;x;;;;
PROV3842;Pali;;;;;;;;;;;;;;;;;;x;;;;
PROV3843;Nagaur;;;;;;;;;;;;;;;;;;x;;;;
PROV3844;Barmer;;;;;;;;;;;;;;;;;;x;;;;
PROV3845;Hanumangarh;;;;;;;;;;;;;;;;;;x;;;;
PROV3846;Ibrahimabad;;;;;;;;;;;;;;;;;;x;;;;
PROV3847;Alwar;;;;;;;;;;;;;;;;;;x;;;;
PROV3848;Ashoknagar;;;;;;;;;;;;;;;;;;x;;;;
PROV3849;Chittor;;;;;;;;;;;;;;;;;;x;;;;
PROV3850;Darbhanga;;;;;;;;;;;;;;;;;;x;;;;
PROV3851;Shahabad;;;;;;;;;;;;;;;;;;x;;;;
PROV3852;Daminkoh;;;;;;;;;;;;;;;;;;x;;;;
PROV3853;Doti;;;;;;;;;;;;;;;;;;x;;;;
PROV3854;Ghorahi;;;;;;;;;;;;;;;;;;x;;;;
PROV3855;Pokhara;;;;;;;;;;;;;;;;;;x;;;;
PROV3856;Dolakha;;;;;;;;;;;;;;;;;;x;;;;
PROV3857;Janakpur;;;;;;;;;;;;;;;;;;x;;;;
PROV3858;Biratnagar;;;;;;;;;;;;;;;;;;x;;;;
PROV3859;Kumaroan;;;;;;;;;;;;;;;;;;x;;;;
PROV3860;Mehsana;;;;;;;;;;;;;;;;;;x;;;;
PROV3861;Navsari;;;;;;;;;;;;;;;;;;x;;;;
PROV3862;Anand;;;;;;;;;;;;;;;;;;x;;;;
PROV3863;Morbi;;;;;;;;;;;;;;;;;;x;;;;
PROV3864;Bhavnagar;;;;;;;;;;;;;;;;;;x;;;;
PROV3865;Junagandh;;;;;;;;;;;;;;;;;;x;;;;
PROV1316;Puttur;;;;;;;;;;;;;;;;;;x;;;;
PROV1288;Thatta;;;;;;;;;;;;;;;;;;x;;;;
PROV1289;Shikarpur;;;;;;;;;;;;;;;;;;x;;;;
PROV1314;Utakamantalam;;;;;;;;;;;;;;;;;;x;;;
PROV1318;Alappuzha;;;;;;;;;;;;;;;;;;x;;; 
PROV1319;Thiruvananthapuram;;;;;;;;;;;;;;;;;;x;;;
PROV1317;Kozhikode;;;;;;;;;;;;;;;;;;x;;; 
PROV1308;Anantapur;;;;;;;;;;;;;;;;;;x;;; 
PROV1306;Bezawada;;;;;;;;;;;;;;;;;;x;;; 
PROV1285;Karimnagar;;;;;;;;;;;;;;;;;;x;;;  
PROV1297;Raigad;;;;;;;;;;;;;;;;;;x;;;  
PROV2566;Aizawl;;;;;;;;;;;;;;;;;;x;;; 
PROV3744;Agartala;;;;;;;;;;;;;;;;;;x;;;  
PROV3745;Hakha;;;;;;;;;;;;;;;;;;x;;; 
PROV3263;Srikakulam;;;;;;;;;;;;;;;;;;x;;;  
PROV1339;Monywa;;;;;;;;;;;;;;;;;;x;;;  
PROV1227;Lahur;;;;;;;;;;;;;;;;;;x;;;  
PROV3866;Rudok;;;;;;;;;;;;;;;;;;x;;;  
PROV3747;Rohilkhand;;;;;;;;;;;;;;;;;;x;;;  
PROV3748;Bahraich;;;;;;;;;;;;;;;;;;x;;;  
PROV3867;Trashigang;;;;;;;;;;;;;;;;;;x;;; 
PROV3868;Kamtapur;;;;;;;;;;;;;;;;;;x;;; 
PROV3869;Sadiya;;;;;;;;;;;;;;;;;;x;;; 
PROV3870;Dimapur;;;;;;;;;;;;;;;;;;x;;;
PROV3871;Jainta;;;;;;;;;;;;;;;;;;x;;;
PROV3872;Ramree;;;;;;;;;;;;;;;;;;x;;;
PROV3873;Paletwa;;;;;;;;;;;;;;;;;;x;;;
PROV3874;Asho;;;;;;;;;;;;;;;;;;x;;;
PROV3875;Badayun;;;;;;;;;;;;;;;;;;x;;;
PROV3876;Balrampur;;;;;;;;;;;;;;;;;;x;;;
PROV3877;Jaunpur;;;;;;;;;;;;;;;;;;x;;;
PROV1326;Kathmandu;;;;;;;;;;;;;;;;;;x;;;
PROV1593;Kewhira;;;;;;;;;;;;;;;;;;x;;;
PROV1302;Belgavi;;;;;;;;;;;;;;;;;;x;;;
PROV1315;Chitradruga;;;;;;;;;;;;;;;;;;x;;;
PROV1313;Bangaluru;;;;;;;;;;;;;;;;;;x;;;
PROV1311;Koyamputtur;;;;;;;;;;;;;;;;;;x;;;
PROV1309;Thanjavur;;;;;;;;;;;;;;;;;;x;;;
PROV1307;Nelluru;;;;;;;;;;;;;;;;;;x;;;
PROV1275;Jabalpur;;;;;;;;;;;;;;;;;;x;;;
PROV1262;Dhenkanal;;;;;;;;;;;;;;;;;;x;;;
PROV1261;Kataka;;;;;;;;;;;;;;;;;;x;;;
PROV1252;Rdorjegling;;;;;;;;;;;;;;;;;;x;;;
PROV1329;Thimphu;;;;;;;;;;;;;;;;;;x;;;
PROV1299;Punavadi;;;;;;;;;;;;;;;;;;x;;;
PROV1286;Kalaburagi;;;;;;;;;;;;;;;;;;x;;;
PROV1278;Badnur;;;;;;;;;;;;;;;;;;x;;;
PROV3878;Weida;;;;;;;;;;;;;;;;;;x;;;
PROV3879;Elsterburg;;;;;;;;;;;;;;;;;;x;;;
PROV3880;Lobeda;;;;;;;;;;;;;;;;;;x;;;
PROV3881;Rudolstadt;;;;;;;;;;;;;;;;;;x;;;
PROV3882;Targu Jiu;;;;;;;;;;;;;;;;;;x;;;
PROV3883;Buzau;;;;;;;;;;;;;;;;;;x;;;
PROV3884;Giurgiu;;;;;;;;;;;;;;;;;;x;;;
PROV3885;Krushevac;;;;;;;;;;;;;;;;;;x;;;
PROV3886;Medveda;;;;;;;;;;;;;;;;;;x;;;
PROV3887;Kraljevo;;;;;;;;;;;;;;;;;;x;;;
PROV3888;Cheb;;;;;;;;;;;;;;;;;;x;;;
PROV3889;Valjevo;;;;;;;;;;;;;;;;;;x;;;
PROV665;Severin;;;;;;;;;;;;;;;;;;x;;;
PROV804;Dabar;;;;;;;;;;;;;;;;;;x;;;
PROV3565;Hor;;;;;;;;;;;;;;;;;;x;;;
PROV3566;Kanam;;;;;;;;;;;;;;;;;;x;;;
PROV3567;Bathang;;;;;;;;;;;;;;;;;;x;;;
PROV3568;Lithang;;;;;;;;;;;;;;;;;;x;;;
PROV3569;Chakla;;;;;;;;;;;;;;;;;;x;;;
PROV3570;Muli;;;;;;;;;;;;;;;;;;x;;;
PROV3571;Derge;;;;;;;;;;;;;;;;;;x;;;
PROV3572;Lingtsang;;;;;;;;;;;;;;;;;;x;;;
PROV3573;Drango;;;;;;;;;;;;;;;;;;x;;;
PROV3574;Nangchen;;;;;;;;;;;;;;;;;;x;;;
PROV3575;Ngolok;;;;;;;;;;;;;;;;;;x;;;
PROV3576;Chuosijia;;;;;;;;;;;;;;;;;;x;;;
PROV3577;Meu;;;;;;;;;;;;;;;;;;x;;;
PROV3578;Suomo;;;;;;;;;;;;;;;;;;x;;;
PROV3579;Rongwo;;;;;;;;;;;;;;;;;;x;;;
PROV3580;Ngulra;;;;;;;;;;;;;;;;;;x;;;
PROV3581;Labrang;;;;;;;;;;;;;;;;;;x;;;
PROV3582;Choni;;;;;;;;;;;;;;;;;;x;;;
PROV3583;Dasima;;;;;;;;;;;;;;;;;;x;;;
PROV3584;Salar;;;;;;;;;;;;;;;;;;x;;;
PROV3585;Shuidong;;;;;;;;;;;;;;;;;;x;;;
PROV3586;Mugebaizhage;;;;;;;;;;;;;;;;;;x;;;
PROV3587;Weining;;;;;;;;;;;;;;;;;;x;;;
PROV3588;Yongning;;;;;;;;;;;;;;;;;;x;;;
PROV3589;Mongmit;;;;;;;;;;;;;;;;;;x;;;
PROV3590;Sipsongpanna;;;;;;;;;;;;;;;;;;x;;;
PROV3591;Kungkeng;;;;;;;;;;;;;;;;;;x;;;
PROV3592;Pangyang;;;;;;;;;;;;;;;;;;x;;;
PROV3593;Hsipaw;;;;;;;;;;;;;;;;;;x;;;
PROV3594;Kengtung;;;;;;;;;;;;;;;;;;x;;;
PROV3595;Lawksawk;;;;;;;;;;;;;;;;;;x;;;
PROV3596;Mongpan;;;;;;;;;;;;;;;;;;x;;;
PROV3597;Orayvi;;;;;;;;;;;;;;;;;;x;;;
PROV3598;Hawikuh;;;;;;;;;;;;;;;;;;x;;;
PROV3599;Nambe;;;;;;;;;;;;;;;;;;x;;;
PROV3600;Cochiti;;;;;;;;;;;;;;;;;;x;;;
PROV3601;Isleta;;;;;;;;;;;;;;;;;;x;;;
PROV3602;Acoma;;;;;;;;;;;;;;;;;;x;;;
PROV3603;Jemez;;;;;;;;;;;;;;;;;;x;;;
PROV3604;Mississippi Delta;;;;;;;;;;;;;;;;;;x;;;
PROV3605;Lower Mississippi;;;;;;;;;;;;;;;;;;x;;;
PROV3606;Upper Mississippi;;;;;;;;;;;;;;;;;;x;;;
PROV3607;Illinois;;;;;;;;;;;;;;;;;;x;;;
PROV3608;St. Laurence;;;;;;;;;;;;;;;;;;x;;;
PROV758;Tarento;;;;;;;;;;;;;;;;;;x;;;
PROV3890;Issime;;;;;;;;;;;;;;;;;;x;;;
PROV3891;Ivrea;;;;;;;;;;;;;;;;;;x;;;
PROV3892;Arar;;;;;;;;;;;;;;;;;;x;;;
PROV3893;Zhaotong;;;;;;;;;;;;;;;;;;x;;;
PROV3894;Xinlong;;;;;;;;;;;;;;;;;;x;;;
PROV3251;Cuneo;;;;;;;;;;;;;;;;;;x;;;
PROV1225;Skardu;;;;;;;;;;;;;;;;;;x;;;
PROV3897;Lakshadwip;;;;;;;;;;;;;;;;;;x;;;
PROV1239;Bulandshahr;;;;;;;;;;;;;;;;;;x;;;
PROV1236;Dehli;;;;;;;;;;;;;;;;;;x;;;
PROV1242;Lakhnau;;;;;;;;;;;;;;;;;;x;;;
PROV1241;Kanpur;;;;;;;;;;;;;;;;;;x;;;
PROV3743;Bodoland;;;;;;;;;;;;;;;;;;x;;;
PROV3746;Ahmedabad;;;;;;;;;;;;;;;;;;x;;;
PROV3895;Lower Ganga;;;;;;;;;;;;;;;;;;x;;;
PROV3896;Upper Ganga;;;;;;;;;;;;;;;;;;x;;;
PROV3898;Qarakul;;;;;;;;;;;;;;;;;;x;;;
PROV3899;Eshkashem;;;;;;;;;;;;;;;;;;x;;;
PROV3900;Zólyom;;;;;;;;;;;;;;;;;;x;;;
PROV3902;Breznóbánya;;;;;;;;;;;;;;;;;;x;;;
PROV3903;Mateóc;;;;;;;;;;;;;;;;;;x;;;
PROV3904;Naegitot;;;;;;;;;;;;;;;;;;x;;;
PROV3905;Dardaszfaly;;;;;;;;;;;;;;;;;;x;;;
PROV3906;Heves;;;;;;;;;;;;;;;;;;x;;;
PROV3907;Facsád;;;;;;;;;;;;;;;;;;x;;;
PROV3908;Szászsebes;;;;;;;;;;;;;;;;;;x;;;
PROV3909;Nagyenyed;;;;;;;;;;;;;;;;;;x;;;
PROV3910;Belényes;;;;;;;;;;;;;;;;;;x;;;
PROV3911;Borosjeno;;;;;;;;;;;;;;;;;;x;;;
PROV3912;Nyíregyháza;;;;;;;;;;;;;;;;;;x;;;
PROV3913;Tasnád;;;;;;;;;;;;;;;;;;x;;;
PROV3251;Cuneo;;;;;;;;;;;;;;;;;;x;;;
PROV1225;Skardu;;;;;;;;;;;;;;;;;;x;;;
PROV3897;Lakshadwip;;;;;;;;;;;;;;;;;;x;;;
PROV1239;Bulandshahr;;;;;;;;;;;;;;;;;;x;;;
PROV1236;Dehli;;;;;;;;;;;;;;;;;;x;;;
PROV1242;Lakhnau;;;;;;;;;;;;;;;;;;x;;;
PROV1241;Kanpur;;;;;;;;;;;;;;;;;;x;;;
PROV616;Kisfehérvár;;;;;;;;;;;;;;;;;;x;;;
PROV633;Pozsony;;;;;;;;;;;;;;;;;;x;;;
PROV634;Trencsén;;;;;;;;;;;;;;;;;;x;;;
PROV635;Nyitra;;;;;;;;;;;;;;;;;;x;;;
PROV636;Besztercebánya;;;;;;;;;;;;;;;;;;x;;;
PROV637;Kassa;;;;;;;;;;;;;;;;;;x;;;
PROV638;Eperjes;;;;;;;;;;;;;;;;;;x;;;
PROV647;Nagyvárad;;;;;;;;;;;;;;;;;;x;;;
PROV650;Szolnok;;;;;;;;;;;;;;;;;;x;;;
PROV652;Temesvár;;;;;;;;;;;;;;;;;;x;;;
PROV654;Kolozsvár;;;;;;;;;;;;;;;;;;x;;;
PROV655;Gyulafehérvár;;;;;;;;;;;;;;;;;;x;;;
PROV656;Déva;;;;;;;;;;;;;;;;;;x;;;
PROV657;Härmeschtat;;;;;;;;;;;;;;;;;;x;;;
PROV659;Kruhnen;;;;;;;;;;;;;;;;;;x;;;
PROV663;Óradna;;;;;;;;;;;;;;;;;;x;;;
PROV672;Bakova;;;;;;;;;;;;;;;;;;x;;;
PROV671;Suchavar;;;;;;;;;;;;;;;;;;x;;;
PROV670;Jasy;;;;;;;;;;;;;;;;;;x;;;
PROV961;Cherkasy;;;;;;;;;;;;;;;;;;x;;;
PROV772;Virovitka;;;;;;;;;;;;;;;;;;x;;;
PROV779;Eszék;;;;;;;;;;;;;;;;;;x;;;
PROV599;Andechs;;;;;;;;;;;;;;;;;;x;;;
PROV3253;Rottweil;;;;;;;;;;;;;;;;;;x;;;
PROV128;Ha'agizh;;;;;;;;;;;;;;;;;;x;;;
PROV3914;Hlohov;;;;;;;;;;;;;;;;;;x;;;
PROV3915;Zahan;;;;;;;;;;;;;;;;;;x;;;
PROV3916;Lehnice;;;;;;;;;;;;;;;;;;x;;;
PROV3917;Javor;;;;;;;;;;;;;;;;;;x;;;
PROV3918;Nisa;;;;;;;;;;;;;;;;;;x;;;
PROV3919;Kladsko;;;;;;;;;;;;;;;;;;x;;;
PROV3920;Ratibor;;;;;;;;;;;;;;;;;;x;;;
PROV3923;Branagrad;;;;;;;;;;;;;;;;;;x;;;
PROV3924;Tachov;;;;;;;;;;;;;;;;;;x;;;
PROV3925;Kašperk;;;;;;;;;;;;;;;;;;x;;;
PROV3926;Pribram;;;;;;;;;;;;;;;;;;x;;;
PROV3927;Chrudim;;;;;;;;;;;;;;;;;;x;;;
PROV3928;Boleslav;;;;;;;;;;;;;;;;;;x;;;
PROV3929;Znojmo;;;;;;;;;;;;;;;;;;x;;;
PROV3930;Selpils;;;;;;;;;;;;;;;;;;x;;;
PROV3931;Vil'kamir;;;;;;;;;;;;;;;;;;x;;;
PROV3932;Troki;;;;;;;;;;;;;;;;;;x;;;
PROV3933;Awhistaw;;;;;;;;;;;;;;;;;;x;;;
PROV3934;Vawkavysk;;;;;;;;;;;;;;;;;;x;;;
PROV3935;Navahradak;;;;;;;;;;;;;;;;;;x;;;
PROV3936;Šacak;;;;;;;;;;;;;;;;;;x;;;
PROV3937;Tilžepilis;;;;;;;;;;;;;;;;;;x;;;
PROV3938;Pilsinis;;;;;;;;;;;;;;;;;;x;;;
PROV3939;Kolka;;;;;;;;;;;;;;;;;;x;;;
PROV3940;Saletsa;;;;;;;;;;;;;;;;;;x;;;
PROV3941;Košczan;;;;;;;;;;;;;;;;;;x;;;
PROV3942;Wielun;;;;;;;;;;;;;;;;;;x;;;
PROV3943;Brešcz;;;;;;;;;;;;;;;;;;x;;;
PROV3944;Puck;;;;;;;;;;;;;;;;;;x;;;
PROV3945;Czluchov;;;;;;;;;;;;;;;;;;x;;;
PROV3946;Kvedin;;;;;;;;;;;;;;;;;;x;;;
PROV3947;Sierac;;;;;;;;;;;;;;;;;;x;;;
PROV3948;Miechóv;;;;;;;;;;;;;;;;;;x;;;
PROV3949;Zátor;;;;;;;;;;;;;;;;;;x;;;
PROV3950;Rawa;;;;;;;;;;;;;;;;;;x;;;
PROV3951;Belaja;;;;;;;;;;;;;;;;;;x;;;
PROV3952;Darahicyn;;;;;;;;;;;;;;;;;;x;;;
PROV3953;Sanok;;;;;;;;;;;;;;;;;;x;;;
PROV3954;Rešov;;;;;;;;;;;;;;;;;;x;;;
PROV3955;Krašnik;;;;;;;;;;;;;;;;;;x;;;
PROV3956;Ratno;;;;;;;;;;;;;;;;;;x;;;
PROV3957;Kremjanec';;;;;;;;;;;;;;;;;;x;;;
PROV3958;Buchach;;;;;;;;;;;;;;;;;;x;;;
PROV3959;Belz;;;;;;;;;;;;;;;;;;x;;;
PROV3960;Khotyn;;;;;;;;;;;;;;;;;;x;;;
PROV3961;Yedishkul;;;;;;;;;;;;;;;;;;x;;;
PROV3962;Shahinbey;;;;;;;;;;;;;;;;;;x;;;
PROV3963;Balisaray;;;;;;;;;;;;;;;;;;x;;;
PROV3964;Orqapi;;;;;;;;;;;;;;;;;;x;;;
PROV3965;Aqsheyh;;;;;;;;;;;;;;;;;;x;;;
PROV3966;Bohopil';;;;;;;;;;;;;;;;;;x;;;
PROV3967;Samar;;;;;;;;;;;;;;;;;;x;;;
PROV3968;Izyum;;;;;;;;;;;;;;;;;;x;;;
PROV3969;Kupjansk;;;;;;;;;;;;;;;;;;x;;;
PROV3970;Oskol;;;;;;;;;;;;;;;;;;x;;;
PROV3971;Ostrogožsk;;;;;;;;;;;;;;;;;;x;;;
PROV3972;Livny;;;;;;;;;;;;;;;;;;x;;;
PROV3973;Yefremov;;;;;;;;;;;;;;;;;;x;;;
PROV3974;Dubno;;;;;;;;;;;;;;;;;;x;;;
PROV3975;Zviahel;;;;;;;;;;;;;;;;;;x;;;
PROV3976;Starokostjantyniv;;;;;;;;;;;;;;;;;;x;;;
PROV3977;Mohyliv;;;;;;;;;;;;;;;;;;x;;;
PROV3978;Braclav;;;;;;;;;;;;;;;;;;x;;;
PROV3979;Kagulsk;;;;;;;;;;;;;;;;;;x;;;
PROV3980;Vlahahrad;;;;;;;;;;;;;;;;;;x;;;
PROV3981;Krucbork;;;;;;;;;;;;;;;;;;x;;;
PROV3982;Siret;;;;;;;;;;;;;;;;;;x;;;
PROV3983;Nemet;;;;;;;;;;;;;;;;;;x;;;
PROV3984;Berdychiv;;;;;;;;;;;;;;;;;;x;;;
PROV3985;Vasyl'kiv;;;;;;;;;;;;;;;;;;x;;;
PROV3986;Radomyšl';;;;;;;;;;;;;;;;;;x;;;
PROV3987;Nižyn;;;;;;;;;;;;;;;;;;x;;;
PROV3988;Konotop;;;;;;;;;;;;;;;;;;x;;;
PROV3989;Kharkiv;;;;;;;;;;;;;;;;;;x;;;
PROV3990;Krolevec';;;;;;;;;;;;;;;;;;x;;;
PROV3991;Matviivka;;;;;;;;;;;;;;;;;;x;;;
PROV3992;Tahanhrad;;;;;;;;;;;;;;;;;;x;;;
PROV3993;Bielska Sloboda;;;;;;;;;;;;;;;;;;x;;;
PROV3994;Rechyca;;;;;;;;;;;;;;;;;;x;;;
PROV3995;Hlusk;;;;;;;;;;;;;;;;;;x;;;
PROV3996;Orilka;;;;;;;;;;;;;;;;;;x;;;
PROV3997;Raskum;;;;;;;;;;;;;;;;;;x;;;
PROV3998;Keriya;;;;;;;;;;;;;;;;;;x;;;
PROV3999;Charchen;;;;;;;;;;;;;;;;;;x;;;
PROV4000;Qyzyloy;;;;;;;;;;;;;;;;;;x;;;
PROV4001;Tumshuq;;;;;;;;;;;;;;;;;;x;;;
PROV4002;Kuchar;;;;;;;;;;;;;;;;;;x;;;
PROV4003;Korla;;;;;;;;;;;;;;;;;;x;;;
PROV4004;Gülbagh;;;;;;;;;;;;;;;;;;x;;;
PROV4005;Turfan;;;;;;;;;;;;;;;;;;x;;;
PROV4006;Uzunbulak;;;;;;;;;;;;;;;;;;x;;;
PROV4007;Mongghulküre;;;;;;;;;;;;;;;;;;x;;;
PROV4008;Jarkant;;;;;;;;;;;;;;;;;;x;;;
PROV4009;Chöchek;;;;;;;;;;;;;;;;;;x;;;
PROV4010;Bortala;;;;;;;;;;;;;;;;;;x;;;
PROV4011;Gusheng;;;;;;;;;;;;;;;;;;x;;;
PROV360;Vil'nja;;;;;;;;;;;;;;;;;;x;;;
PROV361;Kowna;;;;;;;;;;;;;;;;;;x;;;
PROV362;Vilkaviškis;;;;;;;;;;;;;;;;;;x;;;
PROV363;Panevežic;;;;;;;;;;;;;;;;;;x;;;
PROV364;Šiaule;;;;;;;;;;;;;;;;;;x;;;
PROV365;Telše;;;;;;;;;;;;;;;;;;x;;; 
PROV676;Canqur;;;;;;;;;;;;;;;;;;x;;;
PROV701;Hnezdno;;;;;;;;;;;;;;;;;;x;;; 
PROV703;Krakov;;;;;;;;;;;;;;;;;;x;;; 
PROV704;Novy Sad;;;;;;;;;;;;;;;;;;x;;; 
PROV705;Premyšl;;;;;;;;;;;;;;;;;;x;;; 
PROV710;Lenczica;;;;;;;;;;;;;;;;;;x;;;
PROV712;Lodž;;;;;;;;;;;;;;;;;;x;;;
PROV718;Mensk;;;;;;;;;;;;;;;;;;x;;;
PROV719;Bel'sk;;;;;;;;;;;;;;;;;;x;;;
PROV936;Hrodnja;;;;;;;;;;;;;;;;;;x;;;
PROV937;Beras'cie;;;;;;;;;;;;;;;;;;x;;;
PROV939;Slucak;;;;;;;;;;;;;;;;;;x;;; 
PROV941;Turiv;;;;;;;;;;;;;;;;;;x;;;
PROV947;Braslaw;;;;;;;;;;;;;;;;;;x;;;
PROV3422;Dobrin;;;;;;;;;;;;;;;;;;x;;;;
PROV3432;Bišpilis;;;;;;;;;;;;;;;;;;x;;; 
PROV627;Žatec;;;;;;;;;;;;;;;;;;x;;; 
PROV955;Kamjanec'-Podol's'kyi;;;;;;;;;;;;;;;;;;x;;;
PROV959;Ovruch;;;;;;;;;;;;;;;;;;x;;; 
PROV957;Kovel';;;;;;;;;;;;;;;;;;x;;; 
PROV956;Rivne;;;;;;;;;;;;;;;;;;x;;;
PROV960;Žytomyr;;;;;;;;;;;;;;;;;;x;;;
PROV954;Vinnycja;;;;;;;;;;;;;;;;;;x;;;
PROV942;Mozyr';;;;;;;;;;;;;;;;;;x;;;
PROV677;Orhiiv;;;;;;;;;;;;;;;;;;x;;;
PROV1019;Valuyki;;;;;;;;;;;;;;;;;;x;;;
PROV533;Tønning;;;;;;;;;;;;;;;;;;x;;;
PROV370;Flensborg;;;;;;;;;;;;;;;;;;x;;;
PROV1042;Öfö;;;;;;;;;;;;;;;;;;x;;;
PROV2679;Khvod;;;;;;;;;;;;;;;;;;x;;;
PROV1596;Altay;;;;;;;;;;;;;;;;;;x;;;
PROV1595;Qulja;;;;;;;;;;;;;;;;;;x;;;
PROV4012;Dunhuang;;;;;;;;;;;;;;;;;;x;;;
PROV4013;Aksai;;;;;;;;;;;;;;;;;;x;;;
PROV4014;Tarbagatai;;;;;;;;;;;;;;;;;;x;;;
PROV4015;Tamshybulak;;;;;;;;;;;;;;;;;;x;;;
PROV4016;Barköl;;;;;;;;;;;;;;;;;;x;;;
PROV4017;Aksari;;;;;;;;;;;;;;;;;;x;;;
PROV4018;Mörön;;;;;;;;;;;;;;;;;;x;;;
PROV4019;Zavkhan;;;;;;;;;;;;;;;;;;x;;;
PROV4020;Altay;;;;;;;;;;;;;;;;;;x;;;
PROV4021;Arvaikheer;;;;;;;;;;;;;;;;;;x;;;
PROV4022;Uba;;;;;;;;;;;;;;;;;;x;;;
PROV4023;Ukok;;;;;;;;;;;;;;;;;;x;;;
PROV4024;Qondum;;;;;;;;;;;;;;;;;;x;;;
PROV4025;Alygdzher;;;;;;;;;;;;;;;;;;x;;;
PROV4026;Chadaana;;;;;;;;;;;;;;;;;;x;;;
PROV4027;Karasu;;;;;;;;;;;;;;;;;;x;;;
PROV4028;Chumysh;;;;;;;;;;;;;;;;;;x;;;
PROV4029;Yizhi;;;;;;;;;;;;;;;;;;x;;;
PROV4030;Chulym;;;;;;;;;;;;;;;;;;x;;;
PROV4031;Yaghshta;;;;;;;;;;;;;;;;;;x;;;
PROV4032;Qaraqul;;;;;;;;;;;;;;;;;;x;;;
PROV4033;Panjakent;;;;;;;;;;;;;;;;;;x;;;
PROV4034;Ildiarata;;;;;;;;;;;;;;;;;;x;;;
PROV4035;Jizakh;;;;;;;;;;;;;;;;;;x;;;
PROV4036;Shahr-e Sabz;;;;;;;;;;;;;;;;;;x;;;
PROV4037;Guzor;;;;;;;;;;;;;;;;;;x;;;
PROV4038;Burdalyk;;;;;;;;;;;;;;;;;;x;;;
PROV4039;Termez;;;;;;;;;;;;;;;;;;x;;;
PROV4040;Qarategin;;;;;;;;;;;;;;;;;;x;;;
PROV4041;Vanj;;;;;;;;;;;;;;;;;;x;;;
PROV4042;Raq;;;;;;;;;;;;;;;;;;x;;;
PROV4043;Qala-ye Vamar;;;;;;;;;;;;;;;;;;x;;;
PROV4044;Rashtqala;;;;;;;;;;;;;;;;;;x;;;
PROV4045;Shewa;;;;;;;;;;;;;;;;;;x;;;
PROV4046;Warsuch;;;;;;;;;;;;;;;;;;x;;;
PROV4047;Rostaq;;;;;;;;;;;;;;;;;;x;;;
PROV4048;Kholm;;;;;;;;;;;;;;;;;;x;;;
PROV4050;Qorganteppeh;;;;;;;;;;;;;;;;;;x;;;
PROV4049;Qobadijan;;;;;;;;;;;;;;;;;;x;;;
PROV4051;Old Uzboy;;;;;;;;;;;;;;;;;;x;;;
PROV4052;Saryqamyshkoli;;;;;;;;;;;;;;;;;;x;;;
PROV4053;Daryacheh-ye Almagol;;;;;;;;;;;;;;;;;;x;;;
PROV4054;Daryacheh-ye Goychehgol;;;;;;;;;;;;;;;;;;x;;;
PROV4055;Khalich-e Qarehboghaz;;;;;;;;;;;;;;;;;;x;;;
PROV4056;Malek;;;;;;;;;;;;;;;;;;x;;;
PROV4057;Aqqudyq;;;;;;;;;;;;;;;;;;x;;;
PROV4058;Aral Islands;;;;;;;;;;;;;;;;;;x;;;
PROV4059;Sukh;;;;;;;;;;;;;;;;;;x;;;
PROV4060;Tarkand;;;;;;;;;;;;;;;;;;x;;;
PROV4061;Pskem;;;;;;;;;;;;;;;;;;x;;;
PROV4062;Marghilan;;;;;;;;;;;;;;;;;;x;;;
PROV4063;Qyzylsu;;;;;;;;;;;;;;;;;;x;;;
PROV4064;Chimkand;;;;;;;;;;;;;;;;;;x;;;
PROV4065;Moyynkum;;;;;;;;;;;;;;;;;;x;;;
PROV4066;Irkibay;;;;;;;;;;;;;;;;;;x;;;
PROV4067;Julaq;;;;;;;;;;;;;;;;;;x;;;
PROV4068;Aqtöbe;;;;;;;;;;;;;;;;;;x;;;
PROV4069;Irqyz;;;;;;;;;;;;;;;;;;x;;;
PROV4070;Qostanay;;;;;;;;;;;;;;;;;;x;;;
PROV4071;Ubagan;;;;;;;;;;;;;;;;;;x;;;
PROV4072;Bayqonyr;;;;;;;;;;;;;;;;;;x;;;
PROV4073;Saryqol;;;;;;;;;;;;;;;;;;x;;;
PROV4074;Ishim;;;;;;;;;;;;;;;;;;x;;;
PROV4075;Omsu;;;;;;;;;;;;;;;;;;x;;;
PROV4076;Tengizqul;;;;;;;;;;;;;;;;;;x;;;
PROV4077;Nurasu;;;;;;;;;;;;;;;;;;x;;;
PROV4078;Aqsaqala;;;;;;;;;;;;;;;;;;x;;;
PROV4079;Yertish;;;;;;;;;;;;;;;;;;x;;;
PROV4080;Qalmaq;;;;;;;;;;;;;;;;;;x;;;
PROV4081;Kokpekty;;;;;;;;;;;;;;;;;;x;;;
PROV4082;Qarqaraly;;;;;;;;;;;;;;;;;;x;;;
PROV4083;Qyzylkent;;;;;;;;;;;;;;;;;;x;;;
PROV4084;Qyzylqul;;;;;;;;;;;;;;;;;;x;;;
PROV4085;Moynty;;;;;;;;;;;;;;;;;;x;;;
PROV4086;Merke;;;;;;;;;;;;;;;;;;x;;;
PROV4087;Awliya-Ata;;;;;;;;;;;;;;;;;;x;;;
PROV4088;Nili;;;;;;;;;;;;;;;;;;x;;;
PROV4089;Panjgur;;;;;;;;;;;;;;;;;;x;;;
PROV4090;Khuzdar;;;;;;;;;;;;;;;;;;x;;;
PROV4091;Awaran;;;;;;;;;;;;;;;;;;x;;;
PROV4092;Nushki;;;;;;;;;;;;;;;;;;x;;;
PROV4093;Reg;;;;;;;;;;;;;;;;;;x;;;
PROV4094;Safar Khan;;;;;;;;;;;;;;;;;;x;;;
PROV4095;Kushk;;;;;;;;;;;;;;;;;;x;;;
PROV4096;Sabzevar;;;;;;;;;;;;;;;;;;x;;;
PROV4097;Tejend;;;;;;;;;;;;;;;;;;x;;;
PROV4098;Qala-ye Now;;;;;;;;;;;;;;;;;;x;;;
PROV4099;Andkhui;;;;;;;;;;;;;;;;;;x;;;
PROV2686;Kaen;;;;;;;;;;;;;;;;;;x;;;
PROV2698;Yatsi;;;;;;;;;;;;;;;;;;x;;;
PROV1067;Meret-Orda;;;;;;;;;;;;;;;;;;x;;;
PROV1065;Aktau;;;;;;;;;;;;;;;;;;x;;;
PROV1062;Sumgut-Vosh;;;;;;;;;;;;;;;;;;x;;;
PROV2682;Pulñawat-Vosh;;;;;;;;;;;;;;;;;;x;;;;
PROV2685;Pelym;;;;;;;;;;;;;;;;;;x;;;;
PROV2690;Bardak;;;;;;;;;;;;;;;;;;x;;;;
PROV1183;Termiz;;;;;;;;;;;;;;;;;;x;;;;
PROV1181;Qaraghandy;;;;;;;;;;;;;;;;;;x;;;;
PROV1187;Chubartau;;;;;;;;;;;;;;;;;;x;;;;
PROV1202;Khuqand;;;;;;;;;;;;;;;;;;x;;;;
PROV1594;Kashghar;;;;;;;;;;;;;;;;;;x;;;;
PROV2606;Shu;;;;;;;;;;;;;;;;;;x;;;;
PROV2702;Shalqar;;;;;;;;;;;;;;;;;;x;;;;
PROV686;Marv;;;;;;;;;;;;;;;;;;x;;;;
RUS_955;Sakhagan;;;;;;;;;;;;;;;;;;x;;;;
RUS_980;Upper Don;;;;;;;;;;;;;;;;;;x;;;;
RUS_973;Yedishkul;;;;;;;;;;;;;;;;;;x;;;;
RUS_968;Yedisan;;;;;;;;;;;;;;;;;;x;;;;
RUS_1019;Ostrogozhsk;;;;;;;;;;;;;;;;;;x;;;;
RUS_977;Siveria;;;;;;;;;;;;;;;;;;x;;;;
RUS_963;Pereyaslavl;;;;;;;;;;;;;;;;;;x;;;;
RUS_962;Chernigov;;;;;;;;;;;;;;;;;;x;;;;
RUS_954;Western Ukraine;;;;;;;;;;;;;;;;;;x;;;;
RUS_2375;Voronezh;;;;;;;;;;;;;;;;;;x;;;;
RUS_959;Volyn;;;;;;;;;;;;;;;;;;x;;;;
RUS_937;Brest;;;;;;;;;;;;;;;;;;x;;;;
RUS_360;Dzukija;;;;;;;;;;;;;;;;;;x;;;;
RUS_361;Samogitia;;;;;;;;;;;;;;;;;;x;;;;
RUS_358;Curonia;;;;;;;;;;;;;;;;;;x;;;;
RUS_942;Mozyr;;;;;;;;;;;;;;;;;;x;;;;
RUS_1006;Pskov;;;;;;;;;;;;;;;;;;x;;;;
RUS_1001;Yaroslavl;;;;;;;;;;;;;;;;;;x;;;;
RUS_992;Belozersk;;;;;;;;;;;;;;;;;;x;;;;
RUS_1027;Mari El-Udmurtia;;;;;;;;;;;;;;;;;;x;;;;
RUS_1020;Nizhni Novgorod;;;;;;;;;;;;;;;;;;x;;;;
RUS_1030;Kazan;;;;;;;;;;;;;;;;;;x;;;;
RUS_1042;Bashkortostan;;;;;;;;;;;;;;;;;;x;;;;
RUS_1025;Qasim;;;;;;;;;;;;;;;;;;x;;;;
RUS_979;Donbass;;;;;;;;;;;;;;;;;;x;;;;
RUS_1042;Bashkortostan;;;;;;;;;;;;;;;;;;x;;;;
RUS_1182;Yoyiq;;;;;;;;;;;;;;;;;;x;;;;
RUS_2611;Torghay;;;;;;;;;;;;;;;;;;x;;;;
RUS_1034;Eastern Cumania;;;;;;;;;;;;;;;;;;x;;;;
RUS_1037;Western Cumania;;;;;;;;;;;;;;;;;;x;;;;
RUS_1048;Qoban;;;;;;;;;;;;;;;;;;x;;;; 
CIR_1049;Circassia;;;;;;;;;;;;;;;;;;x;;;;
KBD_1500;Alania;;;;;;;;;;;;;;;;;;x;;;; 
RUS_1052;Avarestan;;;;;;;;;;;;;;;;;;x;;;;
RUS_1055;Qafqaz-e Shomali;;;;;;;;;;;;;;;;;;x;;;;
AZB_1102;Shirvan;;;;;;;;;;;;;;;;;;x;;;; 
AZB_1106;Aran;;;;;;;;;;;;;;;;;;x;;;;
RUS_1090;Eastern Georgia;;;;;;;;;;;;;;;;;;x;;;;
RUS_1092;Western Georgia;;;;;;;;;;;;;;;;;;x;;;;
AZB_1110;Azarbaijan-e Garbi;;;;;;;;;;;;;;;;;;x;;;; 
PER_1112;Azarbaijan-e Shomali;;;;;;;;;;;;;;;;;;x;;;; 
TUR_889;Rum;;;;;;;;;;;;;;;;;;x;;;; 
TUR_878;Dulkadir;;;;;;;;;;;;;;;;;;x;;;;
TUR_882;Trabizond;;;;;;;;;;;;;;;;;;x;;;; 
TUR_885;Samtskhe;;;;;;;;;;;;;;;;;;x;;;;
TUR_867;Germiyan;;;;;;;;;;;;;;;;;;x;;;;
PROV2459;Najafabad;;;;;;;;;;;;;;;;;;x;;;;
PROV2461;Abadeh;;;;;;;;;;;;;;;;;;x;;;;
PROV2465;Abarkuh;;;;;;;;;;;;;;;;;;x;;;;
PROV2466;Ardakan;;;;;;;;;;;;;;;;;;x;;;;
PROV2467;Khur;;;;;;;;;;;;;;;;;;x;;;;
PROV2346;Dasht-e Kavir;;;;;;;;;;;;;;;;;;x;;;;
PROV2347;Firuzkuh;;;;;;;;;;;;;;;;;;x;;;;
PROV2462;Bastam;;;;;;;;;;;;;;;;;;x;;;;
PROV2452;Kashmar;;;;;;;;;;;;;;;;;;x;;;;
PROV2457;Tabas;;;;;;;;;;;;;;;;;;x;;;;
PROV2460;Ghaen;;;;;;;;;;;;;;;;;;x;;;;
PROV2464;Rudbar;;;;;;;;;;;;;;;;;;x;;;;
PROV2345;Astara;;;;;;;;;;;;;;;;;;x;;;;
PROV2418;Karimabad;;;;;;;;;;;;;;;;;;x;;;;
PROV2320;Gilgit;;;;;;;;;;;;;;;;;;x;;;;
PROV2444;Kohistan;;;;;;;;;;;;;;;;;;x;;;;
PROV2413;Nuristan;;;;;;;;;;;;;;;;;;x;;;;
PROV2600;Wakhan;;;;;;;;;;;;;;;;;;x;;;;
PROV2405;Sarikol;;;;;;;;;;;;;;;;;;x;;;;
PROV2417;Murghab;;;;;;;;;;;;;;;;;;x;;;;
PROV2410;Qyzyloy;;;;;;;;;;;;;;;;;;x;;;;
PROV2426;Qyzylsu;;;;;;;;;;;;;;;;;;x;;;;
PROV2424;Qarakul;;;;;;;;;;;;;;;;;;x;;;;
PROV2429;Qala-ye Khomb;;;;;;;;;;;;;;;;;;x;;;;
PROV2431;Qarategin;;;;;;;;;;;;;;;;;;x;;;;
PROV2432;Qobadijan;;;;;;;;;;;;;;;;;;x;;;;
PROV2428;Hissor;;;;;;;;;;;;;;;;;;x;;;;
PROV2430;Termez;;;;;;;;;;;;;;;;;;x;;;;
PROV2433;Burdalyk;;;;;;;;;;;;;;;;;;x;;;;
PROV2425;Qaraqul;;;;;;;;;;;;;;;;;;x;;;;
PROV2338;Mishrian;;;;;;;;;;;;;;;;;;x;;;;
PROV2343;Darband;;;;;;;;;;;;;;;;;;x;;;;
PROV2316;Marv;;;;;;;;;;;;;;;;;;x;;;;
PROV2420;Tejend;;;;;;;;;;;;;;;;;;x;;;;
PROV2319;Qalat-e Nadiri;;;;;;;;;;;;;;;;;;x;;;;
PROV2458;Makran;;;;;;;;;;;;;;;;;;x;;;;
PROV2554;Panjgur;;;;;;;;;;;;;;;;;;x;;;;
PROV2450;Kharan;;;;;;;;;;;;;;;;;;x;;;;
PROV2306;Awaran;;;;;;;;;;;;;;;;;;x;;;;
PROV2455;Khuzdar;;;;;;;;;;;;;;;;;;x;;;;
PROV2442;Loralai;;;;;;;;;;;;;;;;;;x;;;;
PROV2419;Zhob;;;;;;;;;;;;;;;;;;x;;;;
PROV2441;Muzaffargarh;;;;;;;;;;;;;;;;;;x;;;;
PROV2421;Dera Ismail Khan;;;;;;;;;;;;;;;;;;x;;;;
PROV2447;Zabol;;;;;;;;;;;;;;;;;;x;;;;
PROV2451;Safar Khan;;;;;;;;;;;;;;;;;;x;;;;
PROV2446;Bust;;;;;;;;;;;;;;;;;;x;;;;
PROV2456;Bijnut;;;;;;;;;;;;;;;;;;x;;;;
PROV2453;Burahan;;;;;;;;;;;;;;;;;;x;;;;
PROV2445;Hanumangarh;;;;;;;;;;;;;;;;;;x;;;;
PROV2422;Gujranwala;;;;;;;;;;;;;;;;;;x;;;;
PROV2449;Anar Dareh;;;;;;;;;;;;;;;;;;x;;;;
PROV2435;Sabzevar;;;;;;;;;;;;;;;;;;x;;;;
PROV2439;Ghor;;;;;;;;;;;;;;;;;;x;;;;
PROV2436;Nili;;;;;;;;;;;;;;;;;;x;;;;
PROV2434;Chishti;;;;;;;;;;;;;;;;;;x;;;;
PROV2437;Kushk;;;;;;;;;;;;;;;;;;x;;;;
PROV2427;Sar-e Pol;;;;;;;;;;;;;;;;;;x;;;;
PROV2317;Marvarud;;;;;;;;;;;;;;;;;;x;;;;
PROV2550;Andkhui;;;;;;;;;;;;;;;;;;x;;;;
PROV2423;Tashqurghan;;;;;;;;;;;;;;;;;;x;;;;
PROV2438;Qonduz;;;;;;;;;;;;;;;;;;x;;;;
PROV607;Neuchatel;;;;;;;;;;;;;;;;;;x;;;;
PROV609;Saint-Maurice;;;;;;;;;;;;;;;;;;x;;;;
PROV465;Tarentaise;;;;;;;;;;;;;;;;;;x;;;;
PROV466;Chambéry;;;;;;;;;;;;;;;;;;x;;;;
PROV2556;Vaud;;;;;;;;;;;;;;;;;;x;;;;
PROV194;Geneva;;;;;;;;;;;;;;;;;;x;;;;
PROV140;Lausanne;;;;;;;;;;;;;;;;;;x;;;;
PROV141;Annecy;;;;;;;;;;;;;;;;;;x;;;;
PROV142;Faucigny;;;;;;;;;;;;;;;;;;x;;;;
PROV196;Thonon;;;;;;;;;;;;;;;;;;x;;;;
PROV197;Ivrea;;;;;;;;;;;;;;;;;;x;;;;
PROV208;Briancon;;;;;;;;;;;;;;;;;;x;;;; 
PROV192;Oberhasli;;;;;;;;;;;;;;;;;;x;;;;
PROV193;Saint Gall;;;;;;;;;;;;;;;;;;x;;;;
PROV195;Bärner Oberland;;;;;;;;;;;;;;;;;;x;;;;
PROV123;Uri;;;;;;;;;;;;;;;;;;x;;;;
PROV124;Schwyz;;;;;;;;;;;;;;;;;;x;;;;
PROV2262;Millau;;;;;;;;;;;;;;;;;;x;;;;
PROV2329;Nimes;;;;;;;;;;;;;;;;;;x;;;;
PROV2275;Beziers;;;;;;;;;;;;;;;;;;x;;;;
PROV2311;Vivarais;;;;;;;;;;;;;;;;;;x;;;;
PROV2277;Castres;;;;;;;;;;;;;;;;;;x;;;;
PROV2278;Perigord;;;;;;;;;;;;;;;;;;x;;;;
PROV2145;Bergerac;;;;;;;;;;;;;;;;;;x;;;;
PROV2141;Libourne;;;;;;;;;;;;;;;;;;x;;;;
PROV2261;Armagnac;;;;;;;;;;;;;;;;;;x;;;;
PROV2301;Lectoure;;;;;;;;;;;;;;;;;;x;;;;
PROV2288;Turenne;;;;;;;;;;;;;;;;;;x;;;;
PROV2284;Narbonne;;;;;;;;;;;;;;;;;;x;;;;
PROV2286;Agenais;;;;;;;;;;;;;;;;;;x;;;;
PROV2310;Dax;;;;;;;;;;;;;;;;;;x;;;;
PROV2321;Albret;;;;;;;;;;;;;;;;;;x;;;;
PROV2289;Bazas;;;;;;;;;;;;;;;;;;x;;;;
PROV2140;Gevaudan;;;;;;;;;;;;;;;;;;x;;;;
PROV2300;Albi;;;;;;;;;;;;;;;;;;x;;;;
PROV2307;Comminges;;;;;;;;;;;;;;;;;;x;;;;
PROV459;Marsan;;;;;;;;;;;;;;;;;;x;;;;
PROV217;Bigorre;;;;;;;;;;;;;;;;;;x;;;;
PROV2578;Sobrarbe;;;;;;;;;;;;;;;;;;x;;;;
PROV2308;Urgell;;;;;;;;;;;;;;;;;;x;;;;
PROV2260;La Marche;;;;;;;;;;;;;;;;;;x;;;;
PROV63;Retz;;;;;;;;;;;;;;;;;;x;;;;
PROV64;Cholet;;;;;;;;;;;;;;;;;;x;;;;
PROV65;Thouars;;;;;;;;;;;;;;;;;;x;;;;
PROV61;Niort;;;;;;;;;;;;;;;;;;x;;;;
PROV56;Sable;;;;;;;;;;;;;;;;;;x;;;;
PROV58;Vendome;;;;;;;;;;;;;;;;;;x;;;;
PROV54;Falaise;;;;;;;;;;;;;;;;;;x;;;;
PROV53;Coutances;;;;;;;;;;;;;;;;;;x;;;;
PROV46;Cotentin;;;;;;;;;;;;;;;;;;x;;;;
PROV52;Harfleur;;;;;;;;;;;;;;;;;;x;;;;
PROV57;Dieppe;;;;;;;;;;;;;;;;;;x;;;;
PROV246;Cambrai;;;;;;;;;;;;;;;;;;x;;;;
PROV247;Saint-Omer;;;;;;;;;;;;;;;;;;x;;;;
PROV248;Ponthieu;;;;;;;;;;;;;;;;;;x;;;;
PROV249;Vermandois;;;;;;;;;;;;;;;;;;x;;;;
PROV66;Soissons;;;;;;;;;;;;;;;;;;x;;;;
PROV67;Valois;;;;;;;;;;;;;;;;;;x;;;;
PROV427;Meaux;;;;;;;;;;;;;;;;;;x;;;;
PROV448;Clermont;;;;;;;;;;;;;;;;;;x;;;;
PROV2626;Nemours;;;;;;;;;;;;;;;;;;x;;;;
PROV2625;Montargis;;;;;;;;;;;;;;;;;;x;;;;
PROV62;Sancerre;;;;;;;;;;;;;;;;;;x;;;;
PROV2143;Montlucon;;;;;;;;;;;;;;;;;;x;;;;
PROV2142;Riom;;;;;;;;;;;;;;;;;;x;;;;
PROV2144;Thiers;;;;;;;;;;;;;;;;;;x;;;;
PROV2152;Saint-Flour;;;;;;;;;;;;;;;;;;x;;;;
PROV2312;Forez;;;;;;;;;;;;;;;;;;x;;;;
PROV2137;Velay;;;;;;;;;;;;;;;;;;x;;;;
PROV2147;Bresse;;;;;;;;;;;;;;;;;;x;;;;
PROV2331;Vienne;;;;;;;;;;;;;;;;;;x;;;;
PROV2326;Montelimar;;;;;;;;;;;;;;;;;;x;;;;
PROV2402;Gap;;;;;;;;;;;;;;;;;;x;;;;
PROV2414;Forcalquier;;;;;;;;;;;;;;;;;;x;;;;
PROV2415;Aix;;;;;;;;;;;;;;;;;;x;;;;
PROV2328;Arles;;;;;;;;;;;;;;;;;;x;;;;
PROV2323;Barcellonetta;;;;;;;;;;;;;;;;;;x;;;;
PROV2400;Albenga;;;;;;;;;;;;;;;;;;x;;;;
PROV2334;Noli;;;;;;;;;;;;;;;;;;x;;;;
PROV2332;Ceva;;;;;;;;;;;;;;;;;;x;;;;
PROV2325;Chieri;;;;;;;;;;;;;;;;;;x;;;;
PROV2324;Alba;;;;;;;;;;;;;;;;;;x;;;;
PROV2403;Monferrato;;;;;;;;;;;;;;;;;;x;;;;
PROV2532;Vercelli;;;;;;;;;;;;;;;;;;x;;;;
PROV2401;Ossola;;;;;;;;;;;;;;;;;;x;;;;
PROV2407;Pavia;;;;;;;;;;;;;;;;;;x;;;;
PROV2549;Piacenza;;;;;;;;;;;;;;;;;;x;;;;
PROV2593;Sens;;;;;;;;;;;;;;;;;;x;;;;
PROV2592;Reims;;;;;;;;;;;;;;;;;;x;;;;
PROV69;Rethel;;;;;;;;;;;;;;;;;;x;;;;
PROV238;Boulogne;;;;;;;;;;;;;;;;;;x;;;;
PROV239;Dunois;;;;;;;;;;;;;;;;;;x;;;;
PROV76;Chatillon;;;;;;;;;;;;;;;;;;x;;;;
PROV2330;Saluzzo;;;;;;;;;;;;;;;;;;x;;;;
PROV76;Chatillon;;;;;;;;;;;;;;;;;;x;;;;
PROV2313;Uzes;;;;;;;;;;;;;;;;;;x;;;;
PROV2305;Kokenhusen;;;;;;;;;;;;;;;;;;x;;;;
PROV2322;Marienburg;;;;;;;;;;;;;;;;;;x;;;;
PROV2139;Nafarroa Beherea;;;;;;;;;;;;;;;;;;x;;;;
PROV215;Valtellina;;;;;;;;;;;;;;;;;;x;;;;
PROV213;Cremona;;;;;;;;;;;;;;;;;;x;;;;
PROV201;Lisieux;;;;;;;;;;;;;;;;;;x;;;;
PROV205;Mittelberg;;;;;;;;;;;;;;;;;;x;;;;
PROV210;Sarreguemines;;;;;;;;;;;;;;;;;;x;;;;
PROV216;Hagenau;;;;;;;;;;;;;;;;;;x;;;;
PROV209;Sundgau;;;;;;;;;;;;;;;;;;x;;;;
PROV200;Langres;;;;;;;;;;;;;;;;;;x;;;;
PROV198;Semur;;;;;;;;;;;;;;;;;;x;;;;
PROV206;Vesoul;;;;;;;;;;;;;;;;;;x;;;;
PROV2555;Dole;;;;;;;;;;;;;;;;;;x;;;;
PROV211;Vicenza;;;;;;;;;;;;;;;;;;x;;;;
PROV214;Reggio;;;;;;;;;;;;;;;;;;x;;;;
PROV218;Rimini;;;;;;;;;;;;;;;;;;x;;;;
PROV219;Arezzo;;;;;;;;;;;;;;;;;;x;;;;
PROV220;Portico;;;;;;;;;;;;;;;;;;x;;;;
PROV221;Faenza;;;;;;;;;;;;;;;;;;x;;;;
PROV222;Pistoia;;;;;;;;;;;;;;;;;;x;;;;
PROV226;L'Aquila;;;;;;;;;;;;;;;;;;x;;;;
PROV227;Avellino;;;;;;;;;;;;;;;;;;x;;;;
PROV757;Lucera;;;;;;;;;;;;;;;;;;x;;;;
PROV753;Molise;;;;;;;;;;;;;;;;;;x;;;;
PROV225;Alaiyye;;;;;;;;;;;;;;;;;;x;;;;
PROV228;Akhisar;;;;;;;;;;;;;;;;;;x;;;;
PROV224;Kutahya;;;;;;;;;;;;;;;;;;x;;;;
PROV867;Honaz;;;;;;;;;;;;;;;;;;x;;;;
PROV745;Pisa;;;;;;;;;;;;;;;;;;x;;;;
PROV202;Guise;;;;;;;;;;;;;;;;;;x;;;;
SIC_102;Abruzzi;x
NET_382;Oversticht;x
NET_385;Frisia;x
BEL_387;Brabant;x
FRA_400;Flanders;x
FRA_403;Picardy;x
FRA_406;Champaigne;x
FRA_409;Alsace;x
FRA_411;Lorraine;x
FRA_432;Franche-Comté;x
PAP_749;Lazio;x
PAP_751;Umbria;x
PAP_752;Marche;x
PROV91;Dendermonde;x
PROV92;Calais;x 
PROV94;Ancona;x 
PROV95;L'Aquila;x 
PROV96;Ascoli;x
PROV97;Susa;x 
PROV98;Bamberg;x
PROV99;Amberg;x
PROV100;Urbino;x 
PROV101;Perugia;x
PROV102;Termoli;x 
PROV103;Travnik;x
PROV106;Traunstein;x
PROV107;Rothenburg;x
PROV108;Passau;x
PROV109;Kempten;x
PROV110;Eu;x 
PROV111;Moulins;x
PROV112;Bayonne;x
PROV113;Toul;x
PROV114;Bar-le-Duc;x 
PROV115;Briey;x 
PROV117;Mantua;x
PROV118;Como;x
PROV119;Belluno;x
PROV120;Cuneo;x
PROV121;Catalayud;x
PROV122;Novi Grad;x
PROV125;Dreux;x
PROV126;Asti;x
PROV127;Sion;x
PROV128;Fribourg;x
PROV130;Zaslon;x
PROV131;Vranje;x
PROV132;Vodena;x
PROV134;Pesaro;x
PROV138;Ohrid;x
PROV146;Racibórz;x
PROV148;Sušice;x
PROV157;Cacak;x
PROV158;Kragujevac;
PROV163;Príbram;x
PROV165;Czluchów;x
PROV167;Kromeríž;
PROV168;Elmshorn;x
PROV169;Brandenburg;x
PROV172;Rostock;x
PROV173;Legnica;x
PROV174;Jawor;x
PROV178;Plauen;x
PROV179;Wismar;x
PROV180;Halle;x
PROV181;Nordhorn;x
PROV182;Essen;x
PROV184;Boleslawiec;x
PROV185;Boleslav;x
PROV186;Cheb;x
PROV187;Kutná Hora;x
PROV189;Glogów;x
PROV254;Carrickfergus;x 
PROV255;Daire;x
PROV271;Ayr;x #Air
PROV275;Y Trallwng;x #Pool?
PROV276;Caernarfon;x #Caernarvon?
PROV277;Lancaster;x
PROV280;Newcastle;x
PROV281;Beverly;x
PROV282;Richmond;x #Rychemund
PROV283;York;x
PROV292;Norwich;x
PROV293;Colchester;x
PROV294;Oxenford;x
PROV295;Saint Albans;x
PROV302;Brighthelmstone;x
PROV303;Winchester;x
PROV369;Schleswig;x
PROV375;Haarlem;x
PROV376;Dordrecht;x
PROV379;'s-Hertogenbosch;x
PROV382;Nijmegen;x
PROV384;Deventer;x
PROV386;Coevorden;x
PROV391;Tongeren;x
PROV394;Mons;x
PROV396;Prüm;x
PROV405;Sedan;x
PROV408;Châlons-sur-Marne;x
PROV417;Argentan;x
PROV420;Quimper;x
PROV421;Saint-Brieuc;x
PROV430;Nevers;x
PROV431;Chalon-sur-Saône;x
PROV437;Fontenay;x
PROV452;Saint-Étienne;x
PROV474;Santiago;x
PROV476;Pontevedra;x
PROV488;Guadalajara;x
PROV491;Calatrava;x
PROV499;Girona;x
PROV492;Vitoria;x
PROV495;Saragossa;x
PROV500;Lleida;x
PROV518;Porto;x
PROV520;Viseu;x
PROV523;Santarém;x
PROV535;Verden;x
PROV542;Meppen;x
PROV545;Strelice;x
PROV546;Szczecin;x
PROV549;Potsdam;x
PROV556;Leipzig;x
PROV559;Torgau;x
PROV560;Zwickau;x
PROV562;Eisenach;x
PROV563;Suhl;x
PROV567;Marburg;x
PROV569;Heidelberg;x
PROV574;Koblenz;x
PROV579;Montabaur;x
PROV586;Bruchsal;x
PROV588;Rottweil;x
PROV589;Eslingen;x
PROV594;Konstanz;x
PROV617;Leoben;x
PROV626;Hradec;x
PROV628;Litomerice;x
PROV679;Kolobrzeg;x
PROV680;Koszalin;x
PROV682;Wroclaw;x
PROV683;Swidnica;x
PROV684;Opole;x
PROV688;Opava;x
PROV689;Cieszyn;x
PROV690;Gdansk;x
PROV740;Carrara;x
PROV745;Pisa;x
PROV751;Spoleto;x
PROV752;Camerino;x
PROV753;Campobasso;x
PROV782;Ragusa;x
PROV783;Visoko;x
PROV786;Brcko;x
PROV788;Stolac;x
PROV795;Golubac;x
PROV796;Smederevo;x
PROV798;Kruševac;x
PROV799;Niš;x
PROV804;Ras;x
PROV805;Thessalonica;x
PROV807;Štrpce;x
PROV819;Prilep;x
PROV820;Kozani;x
PROV821;Katerini;x
PROV823;Serres;x
PROV824;Ioannina;x
PROV829;Xanthi;x
PROV830;Demotica;x	
PROV833;Trikala;x
PROV835;Thebes;x
PROV837;Leponto;x
PROV838;Negropont;x
PROV839;Nauplia;x
PROV847;Canea;x
PROV848;Candia;x
PROV849;Korçë;
PROV851;Durazzo;x
PROV852;Avlona;x
PROV853;Argirocastro;x
PROV2538;Petrovaradin;x
PROV2738;Saint George's Channel;x
PROV3086;Saint Paul Island;x
PROV105;Rhaedestus;x
PROV129;Vratsa;x
PROV828;Adrianople;x
PROV809;Sredets;x
PROV858;Arcadiopolis;x
PROV135;Bizye;x
PROV136;Burgas;x
PROV817;Yambol;x
PROV816;Beroe;x
PROV815;Moniac;x
PROV133;Philippopolis;x
PROV156;Stenimachos;x
PROV808;Melnik;x
PROV812;Tarnovo;x
PROV811;Cherven;x
PROV818;Drastar;x
PROV667;Câmpulung;x
PROV664;Giurgiu;x
PROV665;Severin;x
PROV669;Lichiresti;x
PROV668;Buzeu;x
PROV673;Galatz;x
PROV151;Khotyn;x
PROV953;Halych;x
PROV1685;Salé;x
PROV1687;Cueta;x
PROV1698;Sijilmasa;x
PROV1691;Anfa;x
PROV1694;Taroudant;x	
PROV1699;Akka;x
PROV1693;Mogador;x
PROV1684;Ouajda;x
PROV154;Terebovl;x
PROV662;Chern;x
PROV951;Drohobych;x
PROV702;Zvenyhorod;x
PROV147;Sanok;x
PROV2353;Kremenets;x
PROV150;Lutsk;x
PROV145;Rzeszów;x
PROV704;Kamienets;x
PROV714;Tarnów;x
PROV176;Nowy Targ;x
PROV175;Czestochowa;x
PROV716;Sandomierz;x
PROV711;Czersk;x
PROV700;Wloclawek;x
PROV694;Bydgoszcz;x
PROV161;Torun;x
PROV699;Poznan;x
PROV188;Srem;x
PROV692;Pila;x
PROV681;Gorzów;x
PROV165;Nowy Szczecin;x
PROV171;Slupsk;x
PROV691;Chojnice;x
PROV166;Kwedis;x
PROV693;Truso;x
PROV695;Twangste;x
PROV696;Lecbarg;x
PROV191;Luks;x
PROV697;Ragnita;x
PROV2352;Jurbarkas;x
PROV2385;Kernave;x	
PROV2351;Koknese;x
PROV155;Lemisele;x
PROV149;Alyst;x
PROV143;Drohiczyn;x
PROV707;Sejny;x
PROV162;Augustów;x
PROV144;Vawkavysk;x
PROV160;Navahrudak;x
PROV2416;Qeshm;x
PROV2463;Darab;x
PROV262;Kilkenny;x
PROV234;Cork;x
PROV265;Waterford;x
PROV260;Limerick;x	
PROV256;Ard Mhacha;x
PROV237;Átha Luain;x
PROV236;Inis;x
PROV261;Cionn tSáile;x
PROV524;Shatubar;x
PROV527;al-Gharb;x
PROV526;Baja;x
PROV525;Yabura;x
PROV517;al-Jazira;x
PROV512;Qadis;x
PROV484;Batalyaws;x
PROV486;Qasrash;x
PROV485;Maridah;x
PROV510;Qurtubah;x
PROV509;Ishbiliyyah;x
PROV513;Gharnatah;x
PROV514;Malaqah;x
PROV515;al-Mariyyah;x
PROV516;Jayyan;x
PROV511;Walbah;x
PROV508;al-Basit;x
PROV503;Balansiyya;x
PROV505;Daniyyah;x
PROV506;Mursiyah;x
PROV507;Lurqa;x
PROV521;Lisboa;x
PROV504;Qashtilyun;x
PROV2148;Buzau;;;;;;;;;;;;;;;;;;x;;;;
PROV2151;Targu Jiu;;;;;;;;;;;;;;;;;;x;;;;
PROV2158;Arad;;;;;;;;;;;;;;;;;;x;;;;
PROV2150;Nagyenyed;;;;;;;;;;;;;;;;;;x;;;;
PROV2157;Zilah;;;;;;;;;;;;;;;;;;x;;;;
PROV2155;Belényes;;;;;;;;;;;;;;;;;;x;;;;
PROV2149;Borosjeno;;;;;;;;;;;;;;;;;;x;;;;
PROV2160;Nagykikinda;;;;;;;;;;;;;;;;;;x;;;;
PROV2159;Szabadka;;;;;;;;;;;;;;;;;;x;;;;
PROV2242;Heves;;;;;;;;;;;;;;;;;;x;;;;
PROV2246;Zólyom;;;;;;;;;;;;;;;;;;x;;;;
PROV2245;Mateóc;;;;;;;;;;;;;;;;;;x;;;;
PROV2154;Máramaros;;;;;;;;;;;;;;;;;;x;;;;
PROV2153;Nyíregyháza;;;;;;;;;;;;;;;;;;x;;;;
PROV2169;Boljevac;;;;;;;;;;;;;;;;;;x;;;;
PROV2166;Jászvár;;;;;;;;;;;;;;;;;;x;;;;
PROV2168;Jászberény;;;;;;;;;;;;;;;;;;x;;;;
PROV2167;Ips;;;;;;;;;;;;;;;;;;x;;;;
PROV2163;Steyr;;;;;;;;;;;;;;;;;;x;;;;
PROV2274;Spittal;;;;;;;;;;;;;;;;;;x;;;;
PROV2287;Pettau;;;;;;;;;;;;;;;;;;x;;;;
PROV1979;Lynediws;;;;;;;;;;;;;;;;;;x;;;;
PROV191;Luka;;;;;;;;;;;;;;;;;;x;;;;
PROV235;Chelm;;;;;;;;;;;;;;;;;;x;;;;
PROV2350;Dubrovytsia;;;;;;;;;;;;;;;;;;x;;;;
PROV688;Opava;;;;;;;;;;;;;;;;;;x;;;;
PROV245;Sulzbach;;;;;;;;;;;;;;;;;;x;;;;
PROV2146;Ramnitz;;;;;;;;;;;;;;;;;;x;;;;