;;;;;;;;;;;;;;;;;;x;;;;;;;;;;;;;;;;;;;;;;x;;;;\
MRC;Murcia;x
MRC_ADJ;Murcian;x 
MJO;Majorca;x
MJO_ADJ;Majorcan;x 
VLC;Valencia ;x
VLC_ADJ;Valencian;x 
TOL;Toledo;x
TOL_ADJ;Toledan;x 
DNI;Denia;x
DNI_ADJ;Denian;x 
SEV;Seville;x
SEV_ADJ;Seville;x 
CDB;Cordoba;x
CDB_ADJ;Cordoban;x 
JAE;Jaen;x
JAE_ADJ;Jaen;x 
JAE_autonomous_dependency;Baeza;x
JAE_autonomous_dependency_ADJ;Baezan;x
LRC;Lorca;x
LRC_ADJ;Lorcan;x 
MLG;Malaga;x
MLG_ADJ;Malagan;x 
NIE;Niebla;x
NIE_ADJ;Nieblan;x 
ALG;Algarves;x
ALG_ADJ;Algarve;x 
BJA;Bejaia;x 
BJA_ADJ;Bejaia;x  
CIR;Zichia;x
CIR_ADJ;Zichian;x 
HJI;Hadejia ;x
HJI_ADJ;Hadejian;x 
HKN;Kano;x
HKN_ADJ;Kano;x 
HKT;Katsina;x
HKT_ADJ;Katsinan;x 
HZF;Zamfara;x
HZF_ADJ;Zamfaran;x 
HZZ;Zazzau;x
HZZ_ADJ;Zazzaun;x 
HDR;Daura;x
HDR_ADJ;Dauran;x 
HRO;Rano;x
HRO_ADJ;Rano;x 
GBR;Gobir;x
GBR_ADJ;Gobiri;x 
KJJ;Kel Ajjer;x
KJJ_ADJ;Kel Ajjer;x 
KDG;Kel Adagh;x
KDG_ADJ;Kel Adagh;x 
KIR;Kel Air;x 
KIR_ADJ;Kel Air;x  
TUA;Kel Ahaggar;x 
TUA_ADJ;Kel Ahaggar;x  
CPL;Malopolska ;x
CPL_ADJ;Malopolskan;x 
SDZ;Sandomierz;x
SDZ_ADJ;Sandomierz;x 
ZWB;Zweibrucken;x
ZWB_ADJ;Zweibrucken;x 
ABG;Arnsberg;x
ABG_ADJ;Arnsberg;x 
KTZ;Katzenelnbogen;x
KTZ_ADJ;Katzenelnbogen;x 
PUM;Prum;x
PUM_ADJ;Prum;x 
TKL;Tecklenburg;x
TKL_ADJ;Tecklenburg;x 
BNH;Bentheim;x
BNH_ADJ;Bentheim;x 
ESN;Essen;x
ESN_ADJ;Essen;x 
MRK;Mark;x
MRK_ADJ;Mark;x 
HYA;Hoya;x 
HYA_ADJ;Hoya;x  
MDN;Minden;x
MDN_ADJ;Minden;x 
RAV;Ravensberg;x
RAV_ADJ;Ravensberg;x 
PDB;Paderborn;x
PDB_ADJ;Paderborn;x 
HLD;Hildesheim;x 
HLD_ADJ;Hildesheim;x  
DIT;Dithmarschen;x
DIT_ADJ;Dithmarschen;x 
WIT;Saxe-Wittenberg;x
WIT_ADJ;Saxe-Wittenberg;x
MNF;Mansfeld;x
MNF_ADJ;Mansfeld;x 
WRM;Worms;x
WRM_ADJ;Worms;x 
WTZ;Wetzlar;x
WTZ_ADJ;Wetzlar;x
DNG;Dannenberg;x
DNG_ADJ;Dannenberg;x 
SPO;Sponheim;x
SPO_ADJ;Sponheim;x 
JUL;Julich;x
JUL_ADJ;Julich;x 
GTG;Gottingen;x
GTG_ADJ;Gottingen;x 
RGN;Rugen;x 
RGN_ADJ;Rugen;x  
WLG;Wolgast;x
WLG_ADJ;Wolgast;x 
GOS;Goslar;x
GOS_ADJ;Goslar;x
BEG;Berg;x
BEG_ADJ;Berg;x 
VDN;Verden-Bremen;x
VDN_ADJ;Verden;x 
VDN_theocracy;Archbishopric of Verden-Bremen;x
SPY;Speyer;x
SPY_ADJ;Speyer;x 
OSN;Osnabruck;x
OSN_ADJ;Osnabruck;x 
SWG;Schwarzburg;x
SWG_ADJ;Schwarzburg;x
WLD;Waldeck;x
WLD_ADJ;Waldeck;x 
SCW;Schwerin;x
SCW_ADJ;Schwerin;x 
RDZ;Rodez;x
RDZ_ADJ;Rodezian;x 
FRZ;Forez;x
FRZ_ADJ;Forezian;x 
BLN;Belluno;x
BLN_ADJ;Belluno;x 
VCZ;Vicenza;x
VCZ_ADJ;Vicenzan;x 
PDU;Padua;x 
PDU_ADJ;Paduan;x  
TVS;Treviso;x
TVS_ADJ;Trevisan;x 
SEG;Sama;x
SEG_ADJ;Saman;x 
DFU;Diafunu;x
DFU_ADJ;Diafunu;x 
GAO;Gao;x 
GAO_ADJ;Gao;x  
DJN;Djenne;x
DJN_ADJ;Djenne;x 
GHN;Sosso;x
GHN_ADJ;Sosso;x
SOG;Songhai;x
SOG_ADJ;Songhai;x 
SOK;Hausaland;x
SOK_ADJ;Hausa;x 
SNG;Kingdom of Sine;x
SNG_ADJ;Sine;x
TOO;Takrur;x
TOO_ADJ;Takruri;x 
MOS;Wagadagu;x
MOS_ADJ;Wagadagu;x 
RTN;Ratnapura;x
RTN_ADJ;Ratnapuran;x 
TPI;Tripuri;x
TPI_ADJ;Tripuri;x 
CPR;Chotanagpur;x 
CPR_ADJ;Chotanagpuri;x  
GRH;Kingdom of Garha;x
GRH_ADJ;Garhan;x 
CDS;Chudasama;x
CDS_ADJ;Chudasaman;x
REW;Kingdom of Rewa;x
REW_ADJ;Rewan;x 
BUN;Jejakabhukti;x
BUN_ADJ;Jejakabhukti;x 
LGR;Tambralinga;x
LGR_ADJ;Tambralingan;x #evolve into Nakhon Si Thammarat
LVO;Lavo;x
LVO_ADJ;Lavo;x 
SGH;Singhasari;x
SGH_ADJ;Singhasari;x 
AVA;Kingdom of Ava;x 
AVA_ADJ;Ava;x  
MMO;Muang Mao;x
MMO_ADJ;Muang Mao;x 
JOS;Kingdom of Joseon;x
JOS_ADJ;Joseon;x
SUN;Kingdom of Sunda;x
SUN_ADJ;Sundan;x 
MNP;Manipur;x
MNP_ADJ;Manipuri;x 
PHG;Pahang;x
PHG_ADJ;Pahang;x 
PRK;Beruas;x
PRK_ADJ;Beruas;x 
KED;Kedah;x
KED_ADJ;Kedah;x 
ARK;Arakan;x
ARK_ADJ;Arakanese;x
LUA;Muang Phuan;x
LUA_ADJ;Muang Phuan;x 
ATJ;Samudera Pasai;x;
ATJ_ADJ;Pasai;x
MAL;Kingdom of Gapi;x;
MAL_ADJ;Gapi;x
CIT;Calicut;x
CIT_ADJ;Calicut;x 
COC;Cochin;x
COC_ADJ;Cochin;x 
JAV;Kediri;x
JAV_ADJ;Kediri;x 
MLY;Melayu Kingdom;x
MLY_ADJ;Melayu;x 
SGP;Singapura;x
SGP_ADJ;Singapuran;x 
BUR;Pagan Kingdom;x
BUR_ADJ;Pagan;x
SUL;Lupah Sag;x
SUL_ADJ;Lupah Sag;x
AYO;Ayutthaya;x
AYO_ADJ;Ayutthayan;x
LCH;Chola;x
LCH_ADJ;Cholan;x 
KKT;Kakatiya;x
KKT_ADJ;Kakatiyan;x 
SEU;Yadava;x
SEU_ADJ;Yadavan;x 
PND;Pandya;x
PND_ADJ;Pandyan;x
JAF;Jaffna;x
JAF_ADJ;Jaffna;x
DVA;Deva;x
DVA_ADJ;Deva;x
SND;Sena;x
SND_ADJ;Sena;x 
CKY;Western Chalukya Empire;x
CKY_ADJ;Chalukyan;x
HOY;Hoysala;x
HOY_ADJ;Hoysalan;x 
ORI;Eastern Gangas;x
ORI_ADJ;Gangas;x 
GRD;Grodno;x
GRD_ADJ;Grodno;x
BOH;Kingdom of Bohemia;x
BOH_ADJ;Bohemian;x  
OPL;Opole;x
OPL_ADJ;Opole;x
RBZ;Raciborz;x
RBZ_ADJ;Raciborz;x
URI;Uri;x
URI_ADJ;Uri;x
LOT;Lotharingia;x
LOT_ADJ;Lotharingian;x 
AXN;Auxonne;x
AXN_ADJ;Auxonne;x
CBR;Cambrai;x
CBR_ADJ;Cambrai;x
TNI;Tournai;x
TNI_ADJ;Tournai;x
LBG;Limburg;x
LBG_ADJ;Limburgian;x
DRN;Drenthe;x
DRN_ADJ;Drenthe;x
STD;Stedingen;x
STD_ADJ;Stedingener;x
LAO;Laon;x
LAO_ADJ;Laon;x
RTH;Rethel;x
RTH_ADJ;Rethel;x
GUI;Guise;x
GUI_ADJ;Guise;x
VVR;Vivarais;x
VVR_ADJ;Viviers;x
NMR;Namur;x
NMR_ADJ;Namur;x 
REI;Reims;x
REI_ADJ;Reims;x 
LNG;Langres;x
LNG_ADJ;Langres;x
PMB;Pembroke;x
PMB_ADJ;Pembroke;x 
GLY;Galway;x
GLY_ADJ;Galwegian;x
MYO;Mayo-Burke;x
MYO_ADJ;Mayo-Burke;x
CNM;Connemara;x
CNM_ADJ;Connemaran;x
CLD;Clandeboye;x
CLD_ADJ;Clandeboyan;x
THM;Thomond;x
THM_ADJ;Thomond;x
FGH;Fermanagh;x
FGH_ADJ;Fermanagh;x
BRF;Breffny;x
BRF_ADJ;Breffny;x
MTH;Meath;x
MTH_ADJ;Meath;x
OFF;Offaly;x
OFF_ADJ;Offaly;x
AGL;Airgialla;x
AGL_ADJ;Airgiallan;x
MNS;Deasmhumhain;x
MNS_ADJ;Deasmhumhain;x 
GAE;Gaelic Union;x
GAE_ADJ;Gaelic;x 
GLW;Galloway;x
GLW_ADJ;Galwegian;x
ORK;Jarldom of Orkney;x
ORK_ADJ;Orkneyan;x 
AYY;The Ayyubid Empire;x
AYY_ADJ;Ayyubid;x
SLJ;The Seljuk Sultanate;x
SLJ_ADJ;Seljuk;x
PLS;Emirate of Ajlun;x
PLS_ADJ;Ajlun;x 
ALP;Emirate of Aleppo;x
ALP_ADJ;Aleppo;x
DMC;Emirate of Damascus;x
DMC_ADJ;Damascus;x
JAZ;Emirate of Jazira;x
JAZ_ADJ;Jaziran;x
ARQ;Artuqids;x
ARQ_ADJ;Artuqid;x
ERZ;Erzurum;x
ERZ_ADJ;Erzurumi;x
AHL;Armen-Shahs;x
AHL_ADJ;Armen-Shah;x
MRN;Marinids;x
MRN_dominion;Marinids;x
MRN_ADJ;Marinid;x
ARM;Zakarid Armenia;x
ARM_ADJ;Armenian;x
MIN;The Ming Empire;x
MIN_ADJ;Ming;x
EXI;Eastern Xia;x
EXI_ADJ;Xianxi;x
ELI;Eastern Liao;x
ELI_ADJ;Liao;x
TLY;Talyshistan;x
TLY_ADJ;Talysh;x
SST;Sistan;x
SST_ADJ;Sistani;x
MZN;Mazandaran;x
MZN_ADJ;Mazandarani;x
FRS;Salghurids;x
FRS_ADJ;Salghurid;x
RAY;Rayy;x
RAY_ADJ;Rayyanid;x
KMN;Kerman;x
KMN_ADJ;Kermanid;x
AJM;Qazvin;x
AJM_ADJ;Qazvinid;x
YZD;Yazd;x
YZD_ADJ;Yazdi;x
KHR;Khorasan;x
KHR_ADJ;Khorasanian;x
GBL;Ghibelline League;x
GBL_ADJ;Ghibelline;x
IT1;Guelph City;x
IT1_ADJ;Guelph;x
IT2;Ghibelline City;x
IT2_ADJ;Ghibelline;x
MC1;Routiers;x
MC1_ADJ;Routier;x
MC2;Catalan Company;x
MC2_ADJ;Catalan;x
MC3;Guelph Condottiero;x
MC3_ADJ;Condottiero;x
MC4;Ghibelline Condottiero;x
MC4_ADJ;Condottiero;x
MC5;Landsknecht;x
MC5_ADJ;Landsknecht;x
LOI;Kingdom of the Isles;x
LOI_ADJ;Isles;x
AVE;The Angevin Empire;x                                
AVE_ADJ;Angevin;x
BGM;Bergamo;x
BGM_ADJ;Bergamo;x
BSC;Brescia;x
BSC_ADJ;Brescian;x
CAG;Cagliari;x
CAG_ADJ;Cagliarian;x
ARB;Arborea;x
ARB_ADJ;Arborean;x
GLL;Gallura;x
GLL_ADJ;Galluran;x
LGD;Logudoro;x
LGD_ADJ;Logudoron;x
WMC;Marcher Lords;x
WMC_ADJ;Marcher;x
CHT;Chester;x
CHT_ADJ;Chester;x
DRH;Durham;x
DRH_ADJ;Durham;x
EOL;Earldom of Leicester;x
EOL_ADJ;Leicester;x
GWY;Gwynedd;x
GWY_ADJ;Gwyneddian;x
PWY;Powys;x
PWY_ADJ;Powysian;x
BAN;Banat of Mačva;x
BAN_ADJ;Macvan;x
ALS;Lower Alsace;x                                
ALS_ADJ;Alsatian;x
CRN;Carinthia;x
CRN_ADJ;Carinthian;x
KOR;Goryeo;x
KOR_ADJ;Goryeo;x
YNN;Dali;x
YNN_ADJ;Dalian;x
XBI;Western Xia;x
XBI_ADJ;Western Xian;x
NRN;Nurnberg;x
NRN_ADJ;Nurnberg;x
BMB;Bamberg;x
BMB_ADJ;Bamberg;x
BSV;Banate of Severin;x
BSV_ADJ;Severin;x
SLB;Sulzbach;x
SLB_ADJ;Sulzbach;x
LBZ;Lubusz;x
LBZ_ADJ;Lubusz;x
SZE;Szekelyland;x
SZE_ADJ;Szekelyland;x
SLA;Slavonia;x
SLA_ADJ;Slavonian;x
JSZ;Jaszsag;x
JSZ_ADJ;Jaszsag;x
BZN;Burzenland;x
BZN_ADJ;Burzenland;x
BZN_theocracy;Teutonic Order;x
BZN_theocracy_ADJ;Teutonic;x
IRL;Lordship of Ireland;x
IRL_ADJ;Anglo-Norman;x
TRT;Trent;x
TRT_ADJ;Trenten;x
HLY;Halych;x
HLY_ADJ;Halychian;x
VLN;Volhynia;x
VLN_ADJ;Volhynian;x
SYC;Sicily;x
SYC_ADJ;Sicilian;x
ANG;Angouleme;x
ANG_ADJ;Angoumois;x
MAI;Maine;x
MAI_ADJ;Maine;x
ANJ;Anjou;x
ANJ_ADJ;Angevin;x
FCM;Franche-Comte;x
FCM_ADJ;Burgundian;x
POI;Poitou;x
POI_ADJ;Poitevin;x
PIC;Artois;x
PIC_ADJ;Artois;x
LMG;Limoges;x
LMG_ADJ;Limousin;x
GVD;Gevaudan;x
GVD_ADJ;Gevaudan;x
PGD;Perigord;x
PGD_ADJ;Perigordian;x
LMC;La Marche;x
LMC_ADJ;Marche;x
BEA;Bearn;x
BEA_ADJ;Bearner;x
BLO;Blois;x
BLO_ADJ;Blois;x
TIR;Andechs-Merania;x
TIR_ADJ;Andechs-Meranian;x
NVR;Novara;x
NVR_ADJ;Novaran;x
PVI;Pavia;x
PVI_ADJ;Pavian;x
ATI;Asti;x
ATI_ADJ;Asti;x
ABA;Alba;x
ABA_ADJ;Albanese;x
CRM;Cremona;x
CRM_ADJ;Cremonese;x
ASD;Alessandria;x
ASD_ADJ;Alessandrian;x
BLG;Bologna;x
BLG_ADJ;Bolognese;x
FRR;Ferrara;x
FRR_ADJ;Ferraran;x
RVN;Ravenna;x
RVN_ADJ;Ravennan;x
FAE;Faenza;x
FAE_ADJ;Faenzan;x
PIS;Pisa;x
PIS_ADJ;Pisan;x
URB;Urbino;x
URB_ADJ;Urbinoan;x
ANC;Ancona;x
ANC_ADJ;Anconan;x
VER;Verona;x
VER_ADJ;Veronese;x
AQU;Aquileia;x
AQU_ADJ;Aquileian;x
NLI;Noli;x
NLI_ADJ;Nolian;x
CRC;Montfort;x
CRC_ADJ;Montfort;x
VRD;Verdun;x
VRD_ADJ;Verdun;x
TUL;Toul;x
TUL_ADJ;Toul;x
MTZ;Metz;x
MTZ_ADJ;Metzian;x
KYB;Kyburg;x                                 
KYB_ADJ;Kyburger;x
LSN;Lausanne;x                                 
LSN_ADJ;Lausannian;x
BNN;Bern;x                                 
BNN_ADJ;Bernian;x
HBS;Habsburg;x                                 
HBS_ADJ;Habsburger;x
CMO;Como;x                                 
CMO_ADJ;Como;x
CHU;Chur;x
CHU_ADJ;Churrian;x
TRV;Turov;x                                 
TRV_ADJ;Turovian;x
PRY;Pereyeslavl;x                                 
PRY_ADJ;Pereyeslavlian;x
NVS;Novgorod-Seversk;x                                 
NVS_ADJ;Novgorod-Severskian;x
TVE;Tver;x                                 
TVE_ADJ;Tverite;x
MRL;Mari El;x                                 
MRL_ADJ;Mari;x
BSK;Bashkiria;x                                 
BSK_ADJ;Bashkirian;x
NOG;Noghai Horde;x                                 
NOG_ADJ;Noghai;x
RDP;Alexius Slav;x                                 
RDP_ADJ;Rhodopes;x
PHI;Duchy of Philippopolis;x                                 
PHI_ADJ;Philippopolisian;x
KMY;Kumyk;x                                 
KMY_ADJ;Kumykian;x
CMN;Western Cumania;x                                 
CMN_ADJ;Cuman;x
CMN_autonomous_dependency;Kunsag;x                                 
CMN_autonomous_dependency_ADJ;Kunsag;x
LZG;Lezgistan;x                                 
LZG_ADJ;Lezgin;x
LIH;Dzukija;x                                 
LIH_ADJ;Dzukijan;x
DAG;Avaria;x                                 
DAG_ADJ;Avarian;x
FOI;Foix;x                                 
FOI_ADJ;Foixan;x
GLN;Gilan;x                                 
GLN_ADJ;Gilani;x
ALN;Alania;x                                 
ALN_ADJ;Alanian;x
STY;Styria;x                                 
STY_ADJ;Styrian;x
SMG;Samogitia;x                                 
SMG_ADJ;Samogitian;x
KIE;Principality of Kiev;x                                 
KIE_ADJ;Kievan;x
MNK;Minsk;x                                 
MNK_ADJ;Minskian;x
CHY;Durdzuketi;x                                 
CHY_ADJ;Durdzuketian;x
PZN;Wielkopolska;x                                 
PZN_ADJ;Wielkopolskan;x
KRA;Duchy of Krakow;x                                 
KRA_ADJ;Krakowian;x
PRU;Pruthenia;x                                 
PRU_ADJ;Pruthenian;x
POL;Crown of Poland;x                                 
POL_ADJ;Polish;x
BSQ;Navarre;x                                 
BSQ_ADJ;Navarre;x
MUL;Mingburnu Khwarazmia;x                                 
MUL_ADJ;Khawarzmian;x
ALD;Zayyanid Sultanate;x                                 
ALD_ADJ;Zayyanid;x
AUV;County of Auvergne;x                                 
AUV_ADJ;Auvergnian;x
AMG;Armagnac;x                                 
AMG_ADJ;Armagnac;x
BOU;County of Bourbon;x                                 
BOU_ADJ;Bourbonnais;x
AVI;Papal Avignon;x                                 
AVI_ADJ;Papal;x
CST;Castille;x                                 
CST_ADJ;Castillian;x
SPU;Cusco Confederation;x                                 
SPU_ADJ;Cusco;x
MRD;Mordvinia;x                                 
MRD_ADJ;Mordvinian;x
VLG;Volga Bolgharia;x                                 
VLG_ADJ;Bulgar;x
OCC;Toulouse;x                                 
OCC_ADJ;Toulouseian;x
SGF;Duchy of Swabia;x                                     
SGF_ADJ;Swabian;x
SGF_empire;Holy Roman Empire;x      
SGF_empire_ADJ;Imperial;x  
SIC_empire;Holy Roman Empire;x      
SIC_empire_ADJ;Imperial;x                                  
GER;Holy Roman Empire;x
GER_ADJ;Imperial;x    
MEI;Margraviate of Meissen;x                                 
MEI_ADJ;Meissen;x
LOM;Lombard League;x                                     
LOM_ADJ;Lombardian;x
SLO;Carniola;x                                     
SLO_ADJ;Carniolan;x
TRE;Istria;x                                     
TRE_ADJ;Istrian;x
SMO;Smolensk;x                                     
SMO_ADJ;Smolenskian;x
CHI;Song Dynasty;x    
CHI_absolute_monarchy;Song Dynasty;x                                  
CHI_ADJ;Song;x
SXI;Jin Dynasty;x                                   
SXI_ADJ;Jin;x
CGV;Chernigov;x                                     
CGV_ADJ;Chernigovian;x
CUM;Dasht-i Qipchaq;x                                     
CUM_ADJ;Cuman;x
EGY;Ayyubid Sultanate;x                                     
EGY_ADJ;Ayyubid;x
PNT;Trebizond;x                                     
PNT_ADJ;Trepizantine;x 
NCE;Empire of Nicaea;x                                     
NCE_ADJ;Nicaean;x  
LTN;Latin Empire;x                                     
LTN_ADJ;Latin;x   
VLD;Principality of Vladimir-Suzdal;x                                     
VLD_ADJ;Vladimiri;x  
WAL;Vlachia;x                                     
WAL_ADJ;Vlachian;x   
BOS;Banate of Bosnia;x                                     
BOS_ADJ;Bosnian;x
SER_absolute_monarchy;Kingdom of Serbia;x                                        
VEN_absolute_monarchy;Latin Empire;x                                
VEN_absolute_monarchy_ADJ;Latin;x    
BUL_absolute_monarchy;Bulgarian Empire;x                                
ALB;Despotate of Epirus;x                                     
ALB_ADJ;Epirot;x 
MCD;Kingdom of Thessalonica;x                                     
MCD_ADJ;Thessalonican;x   
TUR;Ottoman Beylik;x                                     
TUR_ADJ;Ottoman;x  
RUM;Sultanate of Rum;x                                     
RUM_ADJ;Rum;x              
BRB;Brabant;x                                                  
BRB_ADJ;Brabantian;x         
BAR;Bar;x                                                   
BAR_ADJ;Barrois;x   
CMP;Champagne;x                                             
CMP_ADJ;Champagnois;x
DAU;Daufinat;x                              
DAU_ADJ;Daufinens;x
NRM;Normandy;x
NRM_ADJ;Normand;x
ORL;Orleans;x                                              
ORL_ADJ;Orleanais;x  
AQT;Duchy of Aquitaine;x
AQT_ADJ;Aquitainian;x
PRO;County of Provence;x
PRO_ADJ;Provencal;x
MRV;Duchy of Moravia;x
MRV_ADJ;Moravian;x
MAG;Magdeburg;x
MAG_ADJ;Magdeburger;x
CTU;Celtic Union;x
CTU_ADJ;Celtic;x
FRC;Francia;x
FRC_ADJ;Francian;x
FRK;Duchy of Franconia;x
FRK_ADJ;Franconian;x
ARP;Kingdom of Arles;x
ARP_ADJ;Arpitan;x
BRG;Burgundy;x
BRG_ADJ;Burgundian;x
FRI;Free Frisia;x
FRI_ADJ;Free Frisian;x
GUE;Guelders;x
GUE_ADJ;Gelre;x
GLR;Guelders;x
GLR_ADJ;Gelre;x
UTR;Utrecht;x
UTR_ADJ;Utrecht;x
HLL;Holland;x
HLL_ADJ;Hollander;x
HNT;County of Hainaut;x
HNT_ADJ;Hainaut;x
UKR;Kingdom of Rus;x
UKR_ADJ;Rus;x
RUT;Ruthenia;x
RUT_ADJ;Ruthenian;x
GLM;Galicia-Volhynia;x
GLM_ADJ;Galicia–Volhynian;x
NOV;Republic of Novgorod;x
NOV_ADJ;Novgorodian;x
BYE;Vitebsk;x
BYE_ADJ;Vitebskian;x
PLT;Polotsk;x
PLT_ADJ;Polotskian;x
MOR;Almohad Caliphate;x
MOR_ADJ;Almohad;x
TUN;Hafsid Sultanate;x
TUN_ADJ;Hafsid;x
TUN_autonomous_dependency;Ifriqiya;x
TUN_autonomous_dependency_ADJ;Ifriqiyan;x
TRI;Banu Thabit;x
TRI_ADJ;Banu Thabit;x
CYR;Banu Sulaym;x
CYR_ADJ;Banu Sulaymi;x
FLR;Florence;x
FLR_ADJ;Florentine;x
MFT;Montferrat;x
MFT_ADJ;Montferratian;x
MNT;Mantua;x
MNT_ADJ;Mantuan;x
SLZ;Saluzzo;x
SLZ_ADJ;Saluzzese;x
SNA;Siena;x
SNA_ADJ;Sienese;x
SVA;Svaneti;x
SVA_ADJ;Svanetian;x
MIG;Mingrelia;x
MIG_ADJ;Mingrelian;x
AZT;Aztec Empire;x
AZT_ADJ;Aztec;x
CMA;Colima;x
CMA_ADJ;Coliman;x
CNP;Can Pech;x
CNP_ADJ;Can Pech;x
HST;Huastec;x
HST_ADJ;Huastec;x
INC;Inca Empire;x
INC_ADJ;Incan;x
ITZ;Itza;x
ITZ_ADJ;Itza;x
KAQ;Kaqchikel;x
KAQ_ADJ;Kaqchikel;x
KIC;Kiche;x
KIC_ADJ;Kiche;x
MAY;The Maya Empire;x
MAY_ADJ;Mayan;x
MIX;Mixtec;x
MIX_ADJ;Mixtecan;x
OTO;Otomi;x
OTO_ADJ;Otomi;x
TEO;Teotitlan;x
TEO_ADJ;Teotitlan;x
TLA;Tlapanec;x
TLA_ADJ;Tlapanecan;x
TLX;Tlaxcala;x
TLX_ADJ;Tlaxcalan;x
TRS;Tarasco;x
TRS_ADJ;Tarascan;x
XAL;Xalisco;x
XAL_ADJ;Xaliscan;x
XIU;Xiu;x
XIU_ADJ;Xiu;x
YOK;Yokotan;x
YOK_ADJ;Yokotan;x
ZAP;Zapotec;x
ZAP_ADJ;Zapotec;x
CTM;Chactemal;x
CTM_ADJ;Chactemal;x
CHT;Chorti;x
CHT_ADJ;Chorti;x
CCM;Chichimeca;x
CCM_ADJ;Chichimecan;x
GAM;Guamar;x
GAM_ADJ;Guamares;x
TON;Tonala;x
TON_ADJ;Tonalan;x
TZO;Tzotzil;x
TZO_ADJ;Tzotzil;x
CHH;Chahar;x
CHH_ADJ;Chahari;x
CHV;Chavchuveny;x
CHV_ADJ;Chavchuvenian;x
DZN;Dzungaria;x
DZN_ADJ;Dzungarian;x
HOD;Khodynt;x
HOD_ADJ;Khodyntian;x
KMC;Kamchadals;x
KMC_ADJ;Kamchadese;x
KRC;Korchin;x
KRC_ADJ;Korchin;x
KRD;Kara Del;x
KRD_ADJ;Kara Del;x
OIR;The Oirat Horde;x
OIR_ADJ;Oirat;x
YRK;The Yarkand Khanate;x
YRK_ADJ;Yarkand;x
AKM;Akamatsu;x
AKM_ADJ;Akamatsu;x
ASA;Asakura;x
ASA_ADJ;Asakura;x
ISK;Isshiki;x
ISK_ADJ;Isshiki;x
TTI;Tsutsui;x
TTI_ADJ;Tsutsui;x
UTN;Utsunomiya;x
UTN_ADJ;Utsunomiya;x
AKT;Ando;x
AKT_ADJ;Ando;x
AMA;Amago;x
AMA_ADJ;Amago;x
CBA;Chiba;x
CBA_ADJ;Chiba;x
CSK;Chosokabe;x
CSK_ADJ;Chosokabe;x
DTE;Date;x
DTE_ADJ;Date;x
HJO;Hojo;x
HJO_ADJ;Hojo;x
HSK;Hosokawa;x
HSK_ADJ;Hosokawa;x
HTK;Hatakeyama;x
HTK_ADJ;Hatakeyama;x
IMG;Imagawa;x
IMG_ADJ;Imagawa;x
ITO;Ito;x
ITO_ADJ;Ito;x
KKC;Kikuchi;x
KKC_ADJ;Kikuchi;x
KNO;Kono;x
KNO_ADJ;Kono;x
KTB;Kitabatake;x
KTB_ADJ;Kitabatake;x
MRI;Mori;x
MRI_ADJ;Mori;x
ODA;Oda;x
ODA_ADJ;Oda;x
OGS;Ogasawara;x
OGS_ADJ;Ogasawara;x
OUC;Ouchi;x
OUC_ADJ;Ouchi;x
OTM;Otomo;x
OTM_ADJ;Otomo;x
RFR;Nanbu;x
RFR_ADJ;Nanbu;x
SHB;Shiba;x
SHB_ADJ;Shiba;x
SHN;Shoni;x
SHN_ADJ;Shoni;x
SMZ;Shimazu;x
SMZ_ADJ;Shimazu;x
SOO;So;x
SOO_ADJ;So;x
STK;Satake;x
STK_ADJ;Satake;x
TKD;Takeda;x
TKD_ADJ;Takeda;x
TKI;Toki;x
TKI_ADJ;Toki;x
TKG;Kamakura Shogunate;x
TKG_ADJ;Kamakuran;x
UES;Uesugi;x
UES_ADJ;Uesugi;x
YMN;Yamana;x
YMN_ADJ;Yamana;x
CRW;Cornwall;x
CRW_ADJ;Cornish;x
CNN;Connacht;x
CNN_ADJ;Connacht;x
CRD;Clanricarde;x
CRD_ADJ;Clanricarde;x
KID;Kildare;x
KID_ADJ;Kildare;x
LEI;Leinster;x
LEI_ADJ;Leinster;x
MNS;Munster;x
MNS_ADJ;Munster;x
ORD;Ormond;x
ORD_ADJ;Ormond;x
SLG;Sligo;x
SLG_ADJ;Sligo;x
TYC;Tyrconnell;x
TYC_ADJ;Tyrconnell;x
TYR;Tyrone;x
TYR_ADJ;Tyrone;x
CGC;Capitania General de Chile;x
CGC_ADJ;Chilean;x
PBZ;Governorate of Brazil;x
PBZ_ADJ;Brazilian;x
VLP;Virreinato del Río de la Plata;x
VLP_ADJ;La PLatan;x
VNG;Virreinato de la Nueva Granada;x
VNG_ADJ;Colombian;x
VNS;Virreinato de Nueva Espana;x
VNS_ADJ;Mexican;x
VOP;Virreinato del Peru;x
VOP_ADJ;Peruvian;x
FLI;Louisiana;;;;;;;;;;;;;x;;
FLI_absolute_monarchy;Dominion de Louisiane;x
FLI_prussian_constitutionalism;Dominion de Louisiane;x
FLI_hms_government;Dominion de Louisiane;x
FLI_democracy;Louisiane;x
FLI_presidential_dictatorship;Louisiane Republique;x
FLI_bourgeois_dictatorship;Louisiane Republique;x
FLI_ADJ;Louisianan;x
FCA;Canada;x
FCA_absolute_monarchy;Dominion du Nouvelle-France;x
FCA_prussian_constitutionalism;Dominion du Nouvelle-France;x
FCA_hms_government;Dominion du Nouvelle-France;x
FCA_democracy;Republique du Nouvelle-France;x
FCA_presidential_dictatorship;Republique du Nouvelle-France;x
FCA_bourgeois_dictatorship;Republique du Nouvelle-France;x
FCA_proletarian_dictatorship;Republique du Nouvelle-France;x
FCA_ADJ;Nouvelle-French;x
THC;The Thirteen Colonies;x
THC_ADJ;Thirteen Colonial;x
ACA;Acadie;x
ACA_ADJ;Acadien;x
BOR;The Kingdom of France;x
BOR_democracy;The French Republic;x
BOR_presidential_dictatorship;The French Republic;x
BOR_bourgeois_dictatorship;The French Republic;x
BOR_proletarian_dictatorship;The French Commune;x
BOR_fascist_dictatorship;The French Republic;x
BOR_absolute_monarchy;The Kingdom of France;x
BOR_prussian_constitutionalism;The Kingdom of France;x
BOR_hms_government;The Kingdom of France;x
BOR_ADJ;French;x
ADA;Adal Sultanate;x
ADA_ADJ;Adal;x
AJU;Ajuran Sultanate;x
AJU_ADJ;Ajuran;x
ALO;Alodia;x;
ALO_ADJ;Alodian;x
ANT;Antemoro;x
ANT_ADJ;Antemoro;x
AIN;Ainu Mosir;x
AIN_ADJ;Ainu;x
FUN;Funj Sultanate;x
FUN_ADJ;Funj;x
MKA;Makuria;x
MKA_ADJ;Makurian;x
MAM;The Mamluk Sultanate;x
MAM_ADJ;Mamluk;x
SIA;Sukothai;x
SIA_ADJ;Sukothai;x 
SIA_feudal_monarchy;Sukothai Kingdom;x
CAM;Khmer Empire;x
CAM_ADJ;Khmer;x
CAM_feudal_monarchy;Khmer Empire;x
DMK;Demak;x
DMK_ADJ;Demakan;x
ASK;Ashikaga;x
ASK_ADJ;Ashikaga;x
CBO;Cirebon;x;
CBO_ADJ;Cirebonese;x
CHP;Champa;x
CHP_ADJ;Champan;x 
MLC;Malacca;x
MLC_ADJ;Malaccan;x
PAT;Langkasuka;x #Pattani
PAT_ADJ;Langkasukan;x
AHO;Ahom;x;
AHO_ADJ;Ahomese;x
BBG;Blambangan;x
BBG_ADJ;Blambangan;x
BBG_absolute_monarchy;The Blambangan Kingdom;x
BBG_prussian_constitutionalism;The Blambangan Kingdom;x
BBG_hms_government;The Blambangan Kingdom;x
BRS;Barus;x
BRS_ADJ;Barus;x
PYG;Pagaruyung;x
PYG_ADJ;Minangkabau;x
BTE;Banten;x
BTE_ADJ;Banten;x
BTE_absolute_monarchy;The Sultanate of Banten;x
BTE_prussian_constitutionalism;The Sultanate of Banten;x
BTE_hms_government;The Sultanate of Banten;x
DEL;The Sultanate of Deli;x
DEL_ADJ;Deli;x
PLM;The Sultanate of Palembang Darussalam;x
PLM_ADJ;Palembang;x
LAR;The Kingdom of Larantuka;x
LAR_ADJ;Larantuka;x
VOC;The United East India Company;x
VOC_ADJ;Company;x
KND;Kandy;x
KND_ADJ;Kandi;x
MDR;Madurai;x
MDR;Madurai;x
MGW;Wenduling;x #Maguindanao
MGW_ADJ;Wenduling;x #Maguindanaon
PEG;Hanthawaddy Kingdom;x
PEG_ADJ;Hanthawaddy;x
LNA;Lan Na;x
LNA_ADJ;Lan Na;x
MJA;Majapahit Empire;x
MJA_ADJ;Majapahite;x
VEN;Venice;x
VEN_democracy;Republic of Venice;x
VEN_ADJ;Venetian;x
SAA;Saarland;x
SAA_ADJ;Saarlander;x
MLN;Milan;x
MLN_ADJ;Milanese;x
MNZ;Mainz;x
MNZ_theocracy;The Electorate of Mainz;x
MNZ_ADJ;Mainz;x
DOR;The Free City of Dortmund;x
DOR_ADJ;Dortmund;x
THL;The Three Leagues;x
THL_ADJ;League;x
NCT;Neuchatel;x
NCT_ADJ;Neuchatel;x
GNV;Geneva;x
GNV_ADJ;Genevan;x
VAL;Sion;x
VAL_ADJ;Sion;x
VAL_democracy;Republic of Seven Tithings;x
VAL_democracy_ADJ;Valais;x
SWI;The Swiss Confederacy;x
SWI_presidential_dictatorship;The Helvetic Republic;x
SWI_presidential_dictatorship_ADJ;Helvetic;x
SWI_bourgeois_dictatorship;The Helvetic Republic;x
SWI_bourgeois_dictatorship_ADJ;Helvetic;x
BSL;Basel;x
BSL_ADJ;Basel;x
BSL_presidential_dictatorship;The Rauracian Republic;X
BSL_presidential_dictatorship_ADJ;Rauracian;X
BSL_bourgeois_dictatorship;The Rauracian Republic;X
BSL_bourgeois_dictatorship_ADJ;Rauracian;X
FUL;Fulda;x
FUL_theocracy;The Princely Abbey of Fulda;x
FUL_ADJ;Fulda;x
SAL;The Prince-Archbishopric of Salzburg;x
SAL_ADJ;Salzburger;x
DNN;Denmark-Norway;;;;;;;;;;;;;;;;;;;;;;;x;;;;
DNN_ADJ;Danish-Norwegian;;;;;;;;;;;;;;;;;;;;;;;x;;;;
AAC;Free City of Aachen;;;;;;;;;;;;;;;;;;;;;;;x;;;;
AAC_ADJ;Aachen;;;;;;;;;;;;;;;;;;;;;;;x;;;;
ANS;Ansbach;;;;;;;;;;;;;;;;;;;;;;;x;;;;
ANS_ADJ;Ansbach;;;;;;;;;;;;;;;;;;;;;;;x;;;;
AUG;Augsburg;;;;;;;;;;;;;;;;;;;;;;;x;;;;
AUG_ADJ;Augsburg;;;;;;;;;;;;;;;;;;;;;;;x;;;;
BRN;Brandenburg;;;;;;;;;;;;;;;;;;;;;;;x;;;;
BRN_ADJ;Brandenburg;;;;;;;;;;;;;;;;;;;;;;;x;;;;
BPR;Brandenburg-Prussia;;;;;;;;;;;;;;;;;;;;;;;x;;;;
BPR_ADJ;Brandenburg-Prussian;;;;;;;;;;;;;;;;;;;;;;;x;;;;
KOL;Cologne;;;;;;;;;;;;;;;;;;;;;;;x;;;;
KOL_ADJ;Cologne;;;;;;;;;;;;;;;;;;;;;;;x;;;;
CLV;Cleves;;;;;;;;;;;;;;;;;;;;;;;x;;;;
CLV_ADJ;Cleves;;;;;;;;;;;;;;;;;;;;;;;x;;;;
LIG;Liege;;;;;;;;;;;;;;;;;;;;;;;x;;;;
LIG_ADJ;Liege;;;;;;;;;;;;;;;;;;;;;;;x;;;;
LNE;Luneburg;;;;;;;;;;;;;;;;;;;;;;;x;;;;
LNE_ADJ;Luneburg;;;;;;;;;;;;;;;;;;;;;;;x;;;;
MUN;Prince-Bishopric of Munster;;;;;;;;;;;;;;;;;;;;;;;x;;;;
MUN_ADJ;Munster;;;;;;;;;;;;;;;;;;;;;;;x;;;;
PAL;Imperial Palatinate;;;;;;;;;;;;;;;;;;;;;;;x;;;;
PAL_ADJ;Palatinate;;;;;;;;;;;;;;;;;;;;;;;x;;;;
POM;Pomerania;;;;;;;;;;;;;;;;;;;;;;;x;;;;
POM_ADJ;Pomeranian;;;;;;;;;;;;;;;;;;;;;;;x;;;;
LAU;Saxe-Lauenburg;;;;;;;;;;;;;;;;;;;;;;;x;;;;
LAU_ADJ;Saxe-Lauenburg;;;;;;;;;;;;;;;;;;;;;;;x;;;;
TRR;Trier;;;;;;;;;;;;;;;;;;;;;;;x;;;;
TRR_ADJ;Trier;;;;;;;;;;;;;;;;;;;;;;;x;;;;
WRZ;Wurzburg;;;;;;;;;;;;;;;;;;;;;;;x;;;;
WRZ_ADJ;Wurzburg;;;;;;;;;;;;;;;;;;;;;;;x;;;;
EFR;East Frisia;;;;;;;;;;;;;;;;;;;;;;;x;;;;
EFR_ADJ;East Frisian;;;;;;;;;;;;;;;;;;;;;;;x;;;;
#GBR;Great Britain;;;;;;;;;;;;;;;;;;;;;;;x;;;;
#GBR_ADJ;British;;;;;;;;;;;;;;;;;;;;;;;x;;;;
NNN;Holy Roman Empire;;;;;;;;;;;;;;;;;;;;;;;x;;;;
NNN_ADJ;Imperial;;;;;;;;;;;;;;;;;;;;;;;x;;;
RAV;Ravensburg;;;;;;;;;;;;;;;;;;;;;;;x;;;;
RAV_ADJ;Ravensburg;;;;;;;;;;;;;;;;;;;;;;;x;;;;
THU;Thuringia;;;;;;;;;;;;;;;;;;;;;;;x;;;;
THU_ADJ;Thuringian;;;;;;;;;;;;;;;;;;;;;;;x;;;;
ULM;Ulm;;;;;;;;;;;;;;;;;;;;;;;x;;;;
ULM_ADJ;Ulm;;;;;;;;;;;;;;;;;;;;;;;x;;;;
GOT;Gotland;x
GOT_ADJ;Gutnish;x
MAZ;Mazovia;x
MAZ_ADJ;Mazovian;x
KUR;Kurland;x
KUR_ADJ;Couronian;x
LIV;The Livonian Order;x
LIV_ADJ;Livonian;x
LVN;Livonia;x
LVN_ADJ;Livonian;x
PRM;Perm;x
PRM_ADJ;Permian;x
RIG;Riga;x
RIG_ADJ;Rigan;x
RGA;Archbishopric of Riga;x
RGA_ADJ;Rigan;x
DRP;Bishopric of Dorpat;x
DRP_ADJ;Dorpat;x
OSL;Bishopric of Ösel–Wiek;x
OSL_ADJ;Ösel–Wiek;x
TEU;The Teutonic Order;x
TEU_ADJ;Teutonic;x
AMD;Ahmadnagar;x
AMD_ADJ;Ahmadnagar;x
BHM;Bahamanis;x
BHM_ADJ;Bahamanis;x
BIJ;Bijapur;x
BIJ_ADJ;Bijapuri;x
BRR;Berar;x
BRR_ADJ;Berar;x
DEC;Deccan;x
DEC_ADJ;Deccan;x
GUJ;Gujarat;x
GUJ_ADJ;Gujarati;x
KHD;Khandesh;x
KHD_ADJ;Khandeshi;x
MAW;Malwa;x
MAW_ADJ;Malwan;x
MNE;The Ming Empire;x
MNE_ADJ;Ming;x
VIJ;Vijayanagar;x
VIJ_ADJ;Vijayanagara;x
EJZ;Nanai;x
EJZ_ADJ;Nanai;x
MHX;Haixi;x
MHX_ADJ;Haixi;x
MJZ;Jianzhou;x
MJZ_ADJ;Jianzhou;x
MYR;Yeren;x
MYR_ADJ;Yeren;x
NHX;Udege;x
NHX_ADJ;Udege;x
NVK;Nivkh;x
NVK_ADJ;Nivkh;x
SOL;Solon;x
SOL_ADJ;Solon;x
DUL;Dulkadir;x
DUL_ADJ;Dulkadirid;x
RAM;Ramazan;x
RAM_ADJ;Ramazanid;x
SRV;Shirvan;x
SRV_ADJ;Shirvani;x
#GRH;The Great Horde;x
#GRH_ADJ;Great Horde;x
GZK;Gazikumukh;x
GZK_ADJ;Gazikumukhan;x
KZN;Kazan Khanate;x
KZN_ADJ;Kazani;x
MUS;Muscovy;x
MUS_ADJ;Muscovite;x
PSK;Pskov;x
PSK_ADJ;Pskovian;x
QAS;The Qasim Khanate;x
QAS_ADJ;Qasim;x
RYA;Principality of Ryazan;x
RYA_ADJ;Ryazani;x
SBR;Sibir;x
SBR_ADJ;Sibirian;x
GRI;Guria;x
GRI_ADJ;Gurian;x
SMK;Samtskhe;x
SMK_ADJ;Samtskhian;x
KKH;Kakheti;x
KKH_ADJ;Kakhetian;x
KAK;Kartli;x
KAK_ADJ;Kartlian;x
IMR;Imereti;x
IMR_ADJ;Imeretian;x
GEN;Genoa;x
GEN_ADJ;Genoese;x
SIC;Kingdom of Sicily;x
SIC_ADJ;Sicilian;x
RGA;Republic of Ragusa;x
RGA_ADJ;Ragusian;x
GEN;Genoa;x
GEN_ADJ;Genoese;x
NAP;Kingdom of Naples;x
NAP_ADJ;Neapolitan;x
PER;Persia;x
PER_ADJ;Persian;x
PER_feudal_monarchy;The Khwarazmian Empire;x
PER_feudal_monarchy_ADJ;Khwarazmian;x
PER_empire;The Khwarazmian Empire;x
PER_empire_ADJ;Khwarazmian;x
SYR;Sultanate of Syria;x
SYR_ADJ;Syrian;x
MSL;Emirate of Mosul;x
MSL_ADJ;Zengid;x
IRQ;Iraq;x
IRQ_ADJ;Iraqi;x
ABB;Abbasid Caliphate;x
ABB_ADJ;Abbasid;x
AKK;Aq Qoyunlu;x
AKK_ADJ;Aq Qoyunlu;x
DLH;The Delhi Sultanate;x
DLH_ADJ;Delhian;x
TIM;The Timurid Empire;x
TIM_ADJ;Timurid;x
ALA;Andalusia;x
ALA_ADJ;Andalusian;x
ARN;Aragon;x
ARN_ADJ;Aragonese;x
BSQ;Navarre;x
BSQ_ADJ;Navarrian;x
DSM;Desmond;x
DSM_ADJ;Desmondian;x
HSC;Highlands;x
HSC_ADJ;Highlander;x
KOI;Mann;x
KOI_ADJ;Manx;x
NOL;Northumberia;x
NOL_ADJ;Northumberian;x
ULS;Ulster;x
ULS_ADJ;Ulstrian;x
ATH;Duchy of Athens;x
ATH_democracy;Republic of Athens;x
ATH_ADJ;Athenian;x
CEP;Corfu;x
CEP_ADJ;Corfiot;x
CLI;Celje;x
CLI_ADJ;Cillian;x
EPI;Despotate of Epirus;x
EPI_ADJ;Epirote;x
EPI_empire;Empire of Thessalonica;x
EPI_empire_ADJ;Thessalonican;x
KNI;Knights Hospitaller;x
KNI_ADJ;Knights;x
MEA;Principality of Achaea;x
MEA_ADJ;Achaean;x
NAX;Duchy of Naxos;x
NAX_ADJ;Naxos;x
RAG;Ragusa;x
RAG_democracy;Republic of Ragusa;x
RAG_ADJ;Ragusian;x
ANT;Antioch;x
ANT_ADJ;Antochian;x
AYD;Aydin;x
AYD_ADJ;Aydinid;x
CTP;County of Tripoli;x
CTP_ADJ;Tripolitanian;x
EDS;Edessa;x
EDS_ADJ;Edessian;x
ERT;Erzincan Beylik;x
ERT_ADJ;Eretnid;x
GMY;Germiyan;x
GMY_ADJ;Germiyanid;x
JND;Isfendiyar;x
JND_ADJ;Jandarid;x
JER;Kingdom of Jerusalem;x
JER_ADJ;Jerusalem;x
KRM;Karaman;x
KRM_ADJ;Karamanid;x
KRS;Beylik of Karasi;x
KRS_ADJ;Karasid;x
MTS;Menteshe;x
MTS_ADJ;Menteshe;x
OSM;Ottoman Beylik;x
OSM_ADJ;Ottoman;x
TKE;Beylik of Teke;x
TKE_ADJ;Tekian;x
CYP;Cyprus;x
CYP_absolute_monarchy;Kingdom of Cyprus;;;;;;;;;;;;;x
CYP_prussian_constitutionalism;Kingdom of Cyprus;;;;;;;;;;;;;x
CYP_hms_government;Kingdom of Cyprus;;;;;;;;;;;;;x
CYP_ADJ;Cypriot;x
CHG;Chagatai Khanate;;;;;;;;;;;;;;;;;;;;;;;x;;;;
CHG_ADJ;Chagatai;;;;;;;;;;;;;;;;;;;;;;;x;;;;
ILK;Ilkhanate;;;;;;;;;;;;;;;;;;;;;;;x;;;;
ILK_ADJ;Ilkhan;;;;;;;;;;;;;;;;;;;;;;;x;;;;
MGL;The Mongol Empire;;;;;;;;;;;;;;;;;;;;;;;x;;;;
MGL_ADJ;Mongolian;;;;;;;;;;;;;;;;;;;;;;;x;;;;
WMG;Mongyol Ulus;;;;;;;;;;;;;;;;;;;;;;;x;;;;
WMG_ADJ;Mongolian;;;;;;;;;;;;;;;;;;;;;;;x;;;;
MGE;Great Mongol Empire;;;;;;;;;;;;;;;;;;;;;;;x;;;;
MGE_ADJ;Mongolian;;;;;;;;;;;;;;;;;;;;;;;x;;;;
GOL;The Golden Horde;;;;;;;;;;;;;;;;;;;;;;;x;;;;
GOL_ADJ;Golden Horde;;;;;;;;;;;;;;;;;;;;;;;x;;;;
YUA;The Great Yuan;;;;;;;;;;;;;;;;;;;;;;;x;;;;
YUA_ADJ;Yuan;;;;;;;;;;;;;;;;;;;;;;;x;;;;